ARBT,56.2851,70.4645,http://109.233.226.34/
ARMZ,55.9413,67.6776,http://109.233.226.34/
AROM,56.8651,68.6468,http://109.233.226.34/
BERD,55.8049,68.3129,http://109.233.226.34/
DEMN,59.5929,69.3278,http://109.233.226.34/
GOLM,56.3961,68.3763,http://109.233.226.34/
ISET,56.4758,65.3267,http://109.233.226.34/
ISIM,56.1014,69.4649,http://109.233.226.34/
KALH,59.1022,69.9687,http://109.233.226.34/
KAZN,55.6449,69.2187,http://109.233.226.34/
NTAV,57.6728,66.1726,http://109.233.226.34/
OMUT,56.4680,67.6787,http://109.233.226.34/
SLAD,55.5278,70.3345,http://109.233.226.34/
SORK,56.6360,69.8105,http://109.233.226.34/
TAMN,59.0601,71.8839,http://109.233.226.34/
TOBL,58.2268,68.2808,http://109.233.226.34/
TUMN,57.1475,65.5446,http://109.233.226.34/
UPOR,56.3125,66.2676,http://109.233.226.34/
URGI,56.8183,67.3914,http://109.233.226.34/
UTEG,58.7059,73.9902,http://109.233.226.34/
UVAT,59.1404,68.9548,http://109.233.226.34/
VAGA,57.9383,69.0226,http://109.233.226.34/
VIKU,56.8217,70.6138,http://109.233.226.34/
YALT,56.6581,66.3188,http://109.233.226.34/
YARK,57.4009,67.0762,http://109.233.226.34/
ЭФТ-Тюмень,57.1579,65.5534,http://www.cors.eftgroup.ru/
Ярославль,57.6092,39.8618,http://www.cors.eftgroup.ru/
ЭФТ-Воскресенск,55.3216,38.6607,http://www.cors.eftgroup.ru/
Тула,54.2167,37.6308,http://www.cors.eftgroup.ru/
ЭФТ-Руза,55.7023,36.1922,http://www.cors.eftgroup.ru/
ЭФТ-Москва,55.8201,37.6196,http://www.cors.eftgroup.ru/
ЭФТ-Серпухов,54.9406,37.4428,http://www.cors.eftgroup.ru/
Чехов,55.1527,37.4882,http://www.cors.eftgroup.ru/
ЭФТ-Обнинск,55.1195,36.6253,http://www.cors.eftgroup.ru/
Истра,55.9120,36.8603,http://www.cors.eftgroup.ru/
Наро-Фоминск,55.3848,36.7251,http://www.cors.eftgroup.ru/
Суворов,54.1253,36.4999,http://www.cors.eftgroup.ru/
ЭФТ-Саратов,51.5513,46.0182,http://www.cors.eftgroup.ru/
Ефремов,53.1468,38.1191,http://www.cors.eftgroup.ru/
ЭФТ-Владимир,56.1433,40.3958,http://www.cors.eftgroup.ru/
Санкт-Петербург,60.0001,30.2563,http://www.cors.eftgroup.ru/
Тверь2,56.8546,35.8432,http://www.cors.eftgroup.ru/
Переславль-Залесский,56.7342,38.8498,http://www.cors.eftgroup.ru/
Рязань,54.6263,39.7424,http://www.cors.eftgroup.ru/
Липецк,52.6000,39.5512,http://www.cors.eftgroup.ru/
ЭФТ-Воронеж,51.6766,39.1701,http://www.cors.eftgroup.ru/
ЭФТ Санкт-Петербург2,60,30.2555,http://www.cors.eftgroup.ru/
ЭФТ-Тверь3,56.8674,35.9151,http://www.cors.eftgroup.ru/
ЭФТ-Серпухов2,54.9408,37.4430,http://www.cors.eftgroup.ru/
ЭФТ-Кронштадт,59.9961,29.7631,http://www.cors.eftgroup.ru/
ЭФТ-Находка,42.8376,132.8993,http://www.cors.eftgroup.ru/
SYKTYVKAR,61.663,50.8154,http://www.rusnavgeo.ru/
KAZAN,55.7907,49.1192,http://www.rusnavgeo.ru/
VLADIMIR,56.1433,40.3959,http://www.rusnavgeo.ru/
OBNINSK,55.1196,36.6253,http://www.rusnavgeo.ru/
CHEKHOV,55.1528,37.4882,http://www.rusnavgeo.ru/
ISTRA,55.912,36.8604,http://www.rusnavgeo.ru/
PUSHKINO,56.0165,37.8565,http://www.rusnavgeo.ru/
VOSKRESENSK,55.3216,38.6608,http://www.rusnavgeo.ru/
RUZA,55.7024,36.1924,http://www.rusnavgeo.ru/
VOSKRESENSK2,55.3265,38.6743,http://www.rusnavgeo.ru/
SERPUKHOV,54.9406,37.4429,http://www.rusnavgeo.ru/
DMITROV,56.3442,37.5389,http://www.rusnavgeo.ru/
VORONOVO,55.3201,37.1803,http://www.rusnavgeo.ru/
MURMANSK_CENTER,68.9571,33.0934,http://www.rusnavgeo.ru/
MURMANSK_NORTH,69.0155,33.0944,http://www.rusnavgeo.ru/
MURMANSK_SOUTH,68.8998,33.0715,http://www.rusnavgeo.ru/
SARATOV,51.5514,46.0182,http://www.rusnavgeo.ru/
PRZHEVALSKOE,55.5101,31.8388,http://www.rusnavgeo.ru/
TULA2,54.2167,37.6309,http://www.rusnavgeo.ru/
TYUMEN,57.1579,65.5534,http://www.rusnavgeo.ru/
UGLICH,57.5258,38.3184,http://www.rusnavgeo.ru/
MOSCOW_NORTH,55.8201,37.6197,http://www.rusnavgeo.ru/
MOSCOW_EAST,55.7482,37.7553,http://www.rusnavgeo.ru/
STPETERSBURG,60.0001,30.2563,http://www.rusnavgeo.ru/
MOSCOW_SOUTH,55.6627,37.5475,http://www.rusnavgeo.ru/
Владивосток-1,43.05,131.89,
Владивосток-2,43.06,131.902,
Хабаровск-1,48.46,135.11,
Ростов-на-Дону-1,47.22,39.70,
Тула-1,54.19,36.48,
Тула-2,54.13,36.15,
Тула-3,53.81,36.13,
Тула-4,53.15,38.12,
Тула-5,54.19,37.59,
Тула-6,53.81,36.13,
Тула-7,54.1251,36.4997,
Владимир-1,56.13,42.03,
Владимир-2,55.56,42.03,
Калуга-1,54.09,34.26,
Калуга-2,53.92,34.93,
Калуга-3,53.69,35.42,
Калуга-4,54.28,36.24,
Калуга-5,54.52,36.19,
Калуга-6,54.98,35.49,
Калуга-7,54.78,36.24,
Калуга-8,55.06,36.80,
Калуга-9,54.34,34.97,
Киров-1,60.63,47.18,
Киров-2,60.26,47.06,
Киров-3,59.84,48.27,
Киров-4,59.42,47.41,
Киров-5,59.38,48.99,
Киров-6,59.42,47.41,
Киров-7,59.38,48.99,
Киров-8,59.01,47.87,
Киров-9,58.31,47.09,
Киров-10,57.62,47.93,
Киров-11,57.29,47.86,
Киров-12,57.59,49.01,
Киров-13,58.00,49.10,
Киров-14,58.31,48.30,
Киров-15,58.39,49.05,
Киров-16,59.04,49.27,
Киров-17,58.58,49.64,
Киров-18,58.54,50.05,
Киров-19,58.10,49.92,
Киров-20,57.55,49.93,
Киров-21,57.10,49.99,
Киров-22,56.52,50.68,
Киров-23,56.22,51.05,
Киров-24,56.95,51.08,
Киров-25,57.50,50.50,
Киров-26,57.75,51.49,
Киров-27,57.83,50.74,
Киров-28,58.40,51.13,
Киров-29,58.72,50.18,
Киров-30,59.32,50.80,
Киров-31,58.84,50.83,
Киров-31,58.67,52.18,
Киров-33,59.34,52.23,
Киров-34,58.85,53.26,
Киров-35,59.72,52.64,
Краснодар-1,45.03,38.96,
Санкт-Петербург-1,59.94,29.40,
Санкт-Петербург-2,59.90,30.27,
Санкт-Петербург-3,59.89,30.38,
Санкт-Петербург-4,59.82,30.24,
Санкт-Петербург-5,59.53,30.82,
Санкт-Петербург-6,60.15,31.85,
Санкт-Петербург-7,59.76,28.98,
Санкт-Петербург-8,59.43,30.13,
Санкт-Петербург-9,60.30,30.48,
Санкт-Петербург-10,60.62,29.43,
Новосибирск-1,55.38,78.16,
Новосибирск-2,54.72,78.52,
Новосибирск-3,54.08,79.00,
Новосибирск-4,55.25,79.39,
Новосибирск-5,54.44,80.32,
Новосибирск-6,54.24,80.23,
Новосибирск-7,55.20,80.10,
Новосибирск-8,55.08,80.82,
Новосибирск-9,54.92,81.46,
Новосибирск-10,54.33,81.53,
Новосибирск-11,53.83,82.30,
Новосибирск-12,55.26,82.80,
Новосибирск-13,54.86,82.84,
Новосибирск-14,54.62,83.59,
Новосибирск-15,54.28,83.53,
Новосибирск-16,55.44,83.46,
Новосибирск-17,54.34,83.94,
Новосибирск-18,55.13,84.60,
Новосибирск-19,55.89,84.36,
Омск-1,55.00,73.34,
Самара-1,53.18,50.15,
Самара-2,53.24,50.28,
Самара-3,52.79,51.16,
Самара-4,52.61,51.44,
Самара-5,52.47,51.21,
Самара-6,52.47,51.21,
Оренбург-1,52.80,52.25,
Оренбург-2,52.41,53.16,
Оренбург-3,52.58,53.16,
Оренбург-4,53.06,54.48,
Оренбург-5,52.41,54.97,
Татарстан-1,55.75,49.08,
Татарстан-2,55.96,49.30,
Татарстан-3,56.36,49.94,
Татарстан-4,55.80,49.77,
Татарстан-5,55.36,49.61,
Татарстан-6,54.43,50.71,
Татарстан-7,55.69,52.47,
Татарстан-8,56.05,54.18,
Татарстан-9,56.44,54.29,
Татарстан-10,54.95,52.43,
Татарстан-11,54.51,52.79,
Татарстан-12,56.00,53.25,
Калининград-1,54.59,22.20,
Калининград-2,54.94,22.49,
Калининград-3,54.46,19.94,
Калининград-4,54.44,21.01,
Калининград-5,54.53,21.73,
Калининград-6,55.04,21.67,
Ульяновск-1,54.30,48.39,
ЯНАО-1,71.22,72.11,
Краснодар-2,45.01,39.25,
Краснодар-3,45.05,38.76,
Краснодар-4,45.23,39.00,
Тюмень-1,57.14,65.51,
Тюмень-2,57.92,66.66,
Тюмень-3,57.70,67.78,
Тюмень-4,58.20,68.32,
Тюмень-5,57.92,69.18,
Тюмень-6,59.202,69.60,
Тюмень-7,59.75,70.32,
Тюмень-8,56.39,65.36,
Тюмень-9,56.17,66.19,
Тюмень-10,56.69,66.55,
Тюмень-11,56.11,69.45,
Тюмень-12,55.63,69.14,
Тюмень-13,56.00,68.41,
Тюмень-14,56.32,67.62,
Тюмень-15,56.91,67.07,
Тюмень-16,56.72,67.40,
Тюмень-17,56.62,68.59,
Тюмень-18,57.24,69.25,
Тюмень-19,55.53,70.43,
Тюмень-20,56.30,70.74,
Тюмень-21,57.04,71.31,
Тюмень-22,56.81,69.82,
Тюмень-23,54.30,48.39,
Московская область-1,56.72,37.52,
Московская область-2,56.32,36.72,
Московская область-3,56.30,38.13,
Московская область-4,56.03,35.95,
Московская область-5,55.90,37.73,
Московская область-6,55.80,38.97,
Московская область-7,55.58,39.54,
Московская область-8,55.67,37.25,
Московская область-9,55.34,36.18,
Московская область-10,54.91,37.41,
Московская область-11,54.88,38.06,
Московская область-12,54.84,38.17,
Московская область-13,54.46,38.71,
Московская область-14,55.31,38.66,
Московская область-15,55.37,37.53,
Московская область-16,54.95,39.02,
Красноярск-1,58.18,92.51,
Красноярск-2,57.69,93.27,
Красноярск-3,56.90,93.14,
Красноярск-4,56.83,95.22,
Красноярск-5,56.23,96.07,
Красноярск-6,55.95,94.69,
Красноярск-7,55.71,93.74,
Красноярск-8,56.49,93.27,
Красноярск-9,56.20,89.49,
Красноярск-10,56.25,90.49,
Красноярск-11,56.16,91.39,
Красноярск-12,55.31,89.83,
Красноярск-13,55.38,91.61,
Красноярск-14,55.00,90.97,
Красноярск-15,54.37,92.13,
Красноярск-16,53.88,92.67,
Красноярск-17,53.70,91.69,
Красноярск-18,55.96,92.36,
Красноярский край-19,55.88,92.88,
Красноярский край-20,55.71,89.62,
Красноярский край-21,56.23,96.07,
Красноярский край-22,53.70,91.69,
Красноярский край-23,54.39,93.62,
Адлер,43.44,39.91,
Апшеронск,44.46,39.73,
Горячий ключ,44.61,39.25,
Красная поляна,43.68,40.20,
Головинка,43.80,39.47,
Туапсе,44.10,39.07,
Одинцово,55.67,37.25,
Ершово,55.76,36.85,
Кубинка,55.57,36.70,
Голицыно,55.61,36.98,
Бурятия-2,55.08,110.10,
Бурятия-3,54.62,110.81,
Бурятия-4,53.17,108.92,
Бурятия-5,52.85,108.34,
Бурятия-6,51.83,107.55,
Бурятия-7,51.77,106.32,
Бурятия-8,51.25,104.92,
Бурятия-9,51.03,105.93,
Бурятия-10,53.22,110.10,
Бурятия-11,52.48,107.25,
Архангельск-1,64.54,40.55,
Архангельск-2,64.52,40.35,
Архангельск-3,64.49,40.59,
Архангельск-4,64.59,40.55,
Салехард,66.53,66.56,
Лабытнанги,66.65,66.40,
Уфа-1,54.71,55.96,
Уфа-2,54.68,55.93,
Новосибирск-20,55.56,75.69,
Новосибирск-21,55.68,76.75,
Новосибирск-22,55.21,75.96,
Новосибирск-23,55.31,76.76,
Новосибирск-24,55.36,77.70,
Новосибирск-25,54.70,76.58,
Новосибирск-26,54.35,77.29,
Новосибирск-27,54.09,77.66,
Новосибирск-28,53.73,78.04,
Новосибирск-29,54.76,77.71,
Новосибирск-30,55.60,80.60,
Новосибирск-31,54.84,80.27,
Новосибирск-32,54.00,79.25,
Новосибирск-33,53.81,82.33,
Новосибирск-34,55.23,84.41,
Новосибирск-35,56.53,76.56,
Воронеж-6,51.64,39.20,
Бурятия-12,51.65,101.65,
Бурятия-13,50.35,103.24,
Бурятия-14,53.59,109.63,
Бурятия-15,52.50,111.50,
Бурятия-16,52.14,109.81,
Бурятия-17,51.82,109.90,
Бурятия-18,50.34,106.25,
Омск-16,56.57,71.50,
Омск-17,56.55,72.96,
Омск-18,56.63,74.45,
Омск-19,56.58,75.86,
Омск-20,56.34,71.28,
Омск-21,56.11,72.56,
Омск-22,55.01,72.02,
Омск-23,54.89,73.44,
Омск-24,56.99,72.90,
Мурманск-Н,68.93,33.16,
Мончегорск,67.92,32.89,
Кандалакша,67.16,32.34,
Апатиты,67.56,33.42,
Никель,69.39,30.31,
Куршская коса,55.27,20.97,
Полесский,54.84,21.03,
Калининград,54.72,20.54,
Янтарный,54.87,20.00,
С-Пб-Н-1,59.90,30.27,
С-Пб-Н-2,59.90,30.33,
С-Пб-Н-3,59.86,30.44,
Мурино,60.04,30.44,
Александровская,59.66,30.13,
Усть-Ижора,59.80,30.59,
Ломоносов,59.91,29.74,
Кронштадт,60.01,29.74,
Смолячково,60.18,29.48,
Сургут,61.27,73.41,
Нефтеюганск,61.08,72.62,
Нижневартовск,60.95,76.44,
Лянтор,61.61,72.24,
Мегион,61.04,76.12,
Томск,56.41,85.00,
Новый Уренгой,66.07,76.71,
Петропавловск-Камчатский,53.02,158.82,
Татарстан-НГК-1,56.18,50.92,
Татарстан-НГК-2,56.09,49.86,
Татарстан-НГК-3,56.03,50.22,
Татарстан-НГК-4,55.78,49.11,
Татарстан-НГК-5,55.70,49.57,
Татарстан-НГК-6,55.37,48.16,
Татарстан-НГК-7,55.19,49.26,
Татарстан-НГК-8,54.93,48.84,
Татарстан-НГК-9,55.47,50.20,
Татарстан-НГК-10,55.66,51.41,
РР-Хабаровск,48.48,135.08,
РР-Каменск-Шахтинский,48.29,40.25,
РР-Нижний Новгород,56.31,43.98,
РР-Воронеж,51.65,39.19,
РР-Киров,58.58,49.64,
РР-Краснодар,45.02,38.98,
РР-Петербург,59.89,30.30,
РР-Новосибирск,55.02,82.91,
РР-Самара,53.19,50.17,
РР-Оренбург,51.76,55.09,
РР-Смоленск,54.77,32.00,
РР-Калининград,54.70,20.50,
РР-Тверь,56.85,35.91,
РР-Тюмень,57.17,65.56,
РР-Ульяновск,54.30,48.39,
РР-Красноярск,56.01,92.85,
РР-Иркутск,52.27,104.29,
РР-Абакан,53.72,91.44,
РР-Владивосток,43.12,131.93,
РР-Пенза,53.19,45.02,
РР-Курган,55.44,65.33,
РР-Псков,57.81,28.33,
РР-Кострома,57.76,40.93,
РР-Благовещенск,50.27,127.53,
РР-Свободный,51.39,128.13,
РР-Южно-Сахалинск,46.95,142.72,
РР-Липецк,52.60,39.59,
РР-Пятигорск,44.05,43.02,
РР-Саратов,51.53,45.99,
РР-Курск,51.71,36.17,
РР-Старый Оскол,51.29,37.83,
ГСИ-Уфа,54.73,55.94,
ГСИ-Екб,56.83,60.58,
ГСИ-Крск,56.01,92.84,
ГСИ-Нск,55.02,82.91,
Москва юго-запад,55.66,37.54,
Белев,53.81,36.13,
Чехов,55.15,37.49,
Чернь,53.45,36.91,
Ефремов,53.15,38.12,
Истра,55.91,36.86,
Казань,55.79,49.12,
Кимовск,53.97,38.53,
Москва центр,55.76,37.56,
Наро-Фоминск,55.38,36.73,
Пушкино,56.02,37.86,
Руза,55.70,36.19,
Саратов-1,51.55,46.02,
Суворов,54.13,36.50,
Сыктывкар,61.66,50.82,
Тула,54.19,37.59,
Тюмень,57.16,65.55,
Воронеж-1,51.66,39.18,
Воскресенск,55.32,38.66,
Ярославль,57.61,39.86,
Заокский,54.74,37.40,
Гагарин,55.55,35.00,
Смоленск,54.78,32.01,
Починок,54.41,32.44,
Сафоново,55.12,33.23,
Ярцево,55.06,32.70,
Ельня,54.58,33.19,
Угра,54.78,34.32,
Демидов,55.27,31.50,
Велиж,55.61,31.20,
Рудня,54.95,31.09,
Сычевка,55.83,34.28,
Рославль,53.95,32.85,
Вязьма,55.20,34.30,
Рыбинск,58.05,38.85,
Мурманск центр,68.96,33.09,
Мурманск север,69.02,33.09,
Вологда,59.22,39.88,
Владимир,56.14,40.40,
Рязань,54.63,39.74,
Мурманск юг,68.90,33.07,
Ростов-на-Дону-2,47.23,39.73,
Ростов-на-Дону-3,49.37,40.15,
Ростов-на-Дону-4,49.63,41.72,
Ростов-на-Дону-5,48.26,40.21,
Ростов-на-Дону-6,48.35,41.82,
Ростов-на-Дону-7,47.58,41.09,
Ростов-на-Дону-8,47.53,42.16,
Ростов-на-Дону-9,46.84,40.30,
Воронеж-2,51.65,39.19,
Воронеж-3,51.36,42.09,
Воронеж-4,50.19,39.57,
Воронеж-5,50.42,41.00,
Краснодар-5,45.03,38.95,
Краснодар-6,46.08,38.96,
Краснодар-7,45.85,40.10,
Краснодар-8,44.88,40.58,
Краснодар-9,44.09,39.07,
Краснодар-10,43.66,39.66,
Краснодар-11,44.86,38.15,
Краснодар-12,44.45,39.73,
Волгоград-1,48.70,44.51,
Волгоград-2,50.80,44.55,
Волгоград-3,50.09,45.40,
Волгоград-4,50.52,42.67,
Волгоград-5,49.76,43.63,
Волгоград-6,49.28,43.03,
Волгоград-7,48.60,42.85,
Самара-7,53.20,50.19,
Самара-8,53.51,49.41,
Самара-9,53.15,48.48,
Саратов-2,51.53,46.00,
Саратов-3,52.27,49.10,
Саратов-4,51.98,47.82,
Саратов-5,52.25,43.78,
Саратов-6,51.87,44.99,
Саратов-7,51.54,43.17,
Ставрополь-1,45.04,41.96,
Ставрополь-2,45.36,41.70,
Ставрополь-3,44.19,43.13,
Ставрополь-4,44.79,44.15,
Ставрополь-5,45.32,42.87,
Смоленск-1,55.60,31.19,
Смоленск-2,55.25,31.47,
Смоленск-3,54.96,31.07,
Смоленск-4,54.77,32.04,
Смоленск-5,54.39,32.43,
Смоленск-6,53.97,32.85,
Смоленск-7,54.58,33.20,
Смоленск-8,55.08,32.71,
Смоленск-9,55.14,33.24,
Смоленск-10,54.83,34.36,
Смоленск-11,55.54,35.00,
Смоленск-12,55.87,34.33,
Оренбург-6,51.76,55.09,
Новосибирск-20,54.95,83.02,
Новосибирск-21,54.09,82.94,
Новосибирск-22,54.32,84.44,
Алтайский край-1,53.33,83.79,
Алтайский край-2,53.73,85.07,
Алтайский край-3,55.87,34.33,
Иркутск-1,52.27,104.28,
Иркутск-2,53.11,103.13,
Бурятия-1,51.79,107.66,
Хабаровск-2,48.45,135.08,
Хабаровск-3,50.50,137.02,
Ржев,56.27,34.33,
Вышний Волочек,57.58,34.57,
Нелидово,56.23,32.77,
Андреаполь,56.65,32.27,
Осташков,57.15,33.12,
Раменское,55.57,38.21,
Тюмень,57.18,65.55,
Арзамас,55.39,43.82,
Владимир,56.12,40.37,
Иваново,56.99,40.97,
Пестяки,56.70,42.67,
Калязин,57.23,37.82,
Солнечногорск,56.18,36.98,
Кинешма,57.44,42.16,
Тверь,56.86,35.93,
Муром,55.56,42.03,
Череповец,59.12,37.90,
Нижний Новгород,56.30,44.00,
Наро-Фоминск,55.38,36.72,
Петушки,55.92,39.46,
Коломна,55.08,38.78,
Ярославль,57.63,39.86,
Рязань,54.60,39.71,
Вологда,59.22,39.87,
Переславль-Залесский,56.74,38.86,
Рыбинск,58.04,38.84,
Любим,58.35,40.68,
Омск-2,54.59,71.55,
Омск-3,54.26,72.81,
Омск-4,54.13,74.63,
Омск-5,57.58,72.29,
Омск-6,57.72,73.17,
Омск-7,57.51,74.44,
Омск-8,58.00,75.21,
Омск-9,57.65,75.52,
Омск-10,57.27,75.32,
Омск-11,57.28,74.14,
Омск-12,57.34,72.69,
Омск-13,56.91,71.8,
Омск-14,56.99,72.90,
Омск-15,56.96,75.39,
Владимир-2,56.13,40.40,
Владимир-3,56.40,40.46,
Владимир-4,55.67,40.72,
Владимир-5,55.64,39.22,
Владимир-6,56.26,38.80,
ЯНАО-2,65.55,72.58,
ЯНАО-3,65.92,78.18,
ЯНАО-4,64.90,77.74,
ЯНАО-5,64.48,76.70,
ЯНАО-6,64.37,77.54,
ЯНАО-7,63.72,75.95,
ЯНАО-8,63.78,74.54,
ЯНАО-9,64.28,75.88,
ЯНАО-10,63.17,75.42,
ЯНАО-11,62.97,77.00,
ALME,54.9039574666667,52.3110133694444,http://smartnet.navgeocom.ru
ARSK,56.0777690972222,49.904559225,http://smartnet.navgeocom.ru
ASTR,46.3180521722222,48.0536362805556,http://smartnet.navgeocom.ru
DMGR,54.2190908888889,49.6256818,http://smartnet.navgeocom.ru
DMIT,56.3271737083333,37.539376375,http://smartnet.navgeocom.ru
ESSE,44.0461972666667,42.8530347861111,http://smartnet.navgeocom.ru
GAIS,55.7011750333333,37.5424234555556,http://smartnet.navgeocom.ru
IZHV,56.7941133083333,53.1840816888889,http://smartnet.navgeocom.ru
KABC,55.4004737361111,48.1966667138889,http://smartnet.navgeocom.ru
KARS,54.1950599305556,46.9748602666667,http://smartnet.navgeocom.ru
KRAS,45.0089091722222,38.9674171638889,http://smartnet.navgeocom.ru
KUKM,56.181083375,50.9330920361111,http://smartnet.navgeocom.ru
KULA,55.71999085,49.4991335777778,http://smartnet.navgeocom.ru
MAMA,55.6549551027778,51.3965952583333,http://smartnet.navgeocom.ru
MAYK,44.6131440388889,40.074854475,http://smartnet.navgeocom.ru
MAYS,43.5701072638889,44.0615425277778,http://smartnet.navgeocom.ru
NALC,43.493973325,43.5810459527778,http://smartnet.navgeocom.ru
NEFT,52.7974324944444,51.1632320027778,http://smartnet.navgeocom.ru
NOVK,53.7498829694444,87.1305841861111,http://smartnet.navgeocom.ru
NOVR,44.7202291611111,37.7660550194444,http://smartnet.navgeocom.ru
NOVS,53.1440600583333,47.7616213972222,http://smartnet.navgeocom.ru
OTRA,53.3731907444444,51.3535073111111,http://smartnet.navgeocom.ru
PYAT,44.0294967638889,43.0443232833333,http://smartnet.navgeocom.ru
RAMN,55.5714812861111,38.2127497583333,http://smartnet.navgeocom.ru
ROST,47.2406741694444,39.5935506972222,http://smartnet.navgeocom.ru
SAMR,53.2131246805556,50.2158553777778,http://smartnet.navgeocom.ru
SART,51.5350827166667,46.0106542222222,http://smartnet.navgeocom.ru
SOCH,43.5893288833333,39.7261182722222,http://smartnet.navgeocom.ru
SYZR,53.1627560833333,48.4710180361111,http://smartnet.navgeocom.ru
TAGN,47.2101252833333,38.9378022222222,http://smartnet.navgeocom.ru
TETU,54.9540694805556,48.8394536944444,http://smartnet.navgeocom.ru
TIRN,43.3936902305555,42.9217121388889,http://smartnet.navgeocom.ru
TOLY,53.5340403305556,49.2606910527778,http://smartnet.navgeocom.ru
TULA,54.1739190444444,37.6161831916667,http://smartnet.navgeocom.ru
TYLA,55.8870999694444,50.2250358361111,http://smartnet.navgeocom.ru
TYMN,57.1621736055555,65.5199297027778,http://smartnet.navgeocom.ru
USLN,55.7666030722222,48.9636815583333,http://smartnet.navgeocom.ru
VNUK,55.6067434222222,37.2885787027778,http://smartnet.navgeocom.ru
YARO,57.6316406472222,39.8466979916667,http://smartnet.navgeocom.ru
ZELN,43.859984675,41.5843831388889,http://smartnet.navgeocom.ru
БС Архангельск,64.537679,40.535616,http://gnss.gsi.ru/
БС Уфа,54.736435,55.985494,http://gnss.gsi.ru/
БС Нижний Новгород,56.311289,43.989139,http://gnss.gsi.ru/
БС Самара,53.218094,50.248906,http://gnss.gsi.ru/
БС Ростов-на-Дону,47.23134,39.71289,http://gnss.gsi.ru/
БС Алматы,43.249624,76.912016,http://gnss.gsi.ru/
БС Воронеж,51.700419,39.181769,http://gnss.gsi.ru/
БС Екатеринбург,56.82288,60.60235,http://gnss.gsi.ru/
БС Новосибирск,55.03240,82.92695,http://gnss.gsi.ru/
БС Красноярск,56.04909,92.919932,http://gnss.gsi.ru/
БС Хабаровск,48.475458,135.075936,http://gnss.gsi.ru/
БС С.Петербург,59.888333,30.375556,http://gnss.gsi.ru/
БС Владикавказ,43.065095,44.674702,http://gnss.gsi.ru/
БС Москва,55.7793,37.6913472,http://gnss.gsi.ru/
БС Анна,51.48301,40.43115,http://topnet.gsi.ru
БС Липецк,52.58150,39.52547,http://topnet.gsi.ru
БС Кузнецк,53.11825,46.58762,http://topnet.gsi.ru
БС Калининград,54.73855,20.50900,http://topnet.gsi.ru
БС Великий Новгород,58.50989,31.24180,http://topnet.gsi.ru
БС Геленджик,44.53468,38.09719,http://topnet.gsi.ru
БС Хабаровск,48.46895,135.08545,http://topnet.gsi.ru
БС Тамбов,52.72230,41.44692,http://topnet.gsi.ru
БС Грозный,43.32161,45.7261,http://topnet.gsi.ru
БС Екатеринбург,56.82287,60.60235,http://topnet.gsi.ru
БС Севастополь,44.59914,33.52138,http://topnet.gsi.ru
БС Нижневартовск,60.93722,76.56283,http://topnet.gsi.ru
БС Ливны,52.42076,37.60640,http://topnet.gsi.ru
БС Москва,55.77929,37.69134,http://topnet.gsi.ru
БС Воскресенск,38.68077,55.31405,http://topnet.gsi.ru
БС Великие Луки,56.35320,30.52859,http://topnet.gsi.ru
БС Нижний Новгород,56.31129,43.98913,http://topnet.gsi.ru
БС Самара,53.21810,50.24889,http://topnet.gsi.ru
БС Чита,52.07262,113.47750,http://topnet.gsi.ru
БС Большая Речка,51.94626,104.75136,http://topnet.gsi.ru
БС Владикавказ,43.06510,44.67470,http://topnet.gsi.ru
БС Якутск,62.04277,129.73693,http://topnet.gsi.ru
БС Кимры,56.87168,37.35583,http://topnet.gsi.ru
БС Санкт-Петербург,60.06957,30.37396,http://topnet.gsi.ru
БС Альметьевск,54.88718,52.30623,http://topnet.gsi.ru
БС Венев,54.35013,38.26721,http://topnet.gsi.ru
БС Ростов-на-Дону,47.24093,39.83532,http://topnet.gsi.ru
БС Архангельское,54.40979,56.78966,http://topnet.gsi.ru
БС Горностаевка,45.27778,36.18823,http://topnet.gsi.ru
БС Архангельск,64.53769,40.53579,http://topnet.gsi.ru
БС Красноярск,56.04901,92.91902,http://topnet.gsi.ru
БС Ижевск,56.84746,53.29065,http://topnet.gsi.ru
БС Мурманск,68.9726,33.09685,http://topnet.gsi.ru
БС Вольно-Надеждинское,43.37199,131.98998,http://topnet.gsi.ru
БС Вознесенье,61.01277,35.46692,http://topnet.gsi.ru
БС Восточный,51.76454,128.11225,http://topnet.gsi.ru
БС Сочи,43.58174,39.77496,http://topnet.gsi.ru
БС Белогорье,40.01500,50.49427,http://topnet.gsi.ru
БС Красноуфимск,56.61936,57.77162,http://topnet.gsi.ru
БС Казань,55.83669,49.07763,http://topnet.gsi.ru
БС Серпухов,54.92210,37.43564,http://topnet.gsi.ru
БС Псков,57.82512,28.33915,http://topnet.gsi.ru
БС Иркутск,52.28113,104.30184,http://topnet.gsi.ru
БС Аскино,56.08437,56.57787,http://topnet.gsi.ru
БС Пенза,53.19428,45.013,http://topnet.gsi.ru
БС Золотое Поле,45.12729,34.99244,http://topnet.gsi.ru
БС Молодовое,52.86795,35.29692,http://topnet.gsi.ru
БС Волосово,59.45036,29.48983,http://topnet.gsi.ru
БС Набережные Челны,55.62125,52.17286,http://topnet.gsi.ru
БС Симферополь,44.94106,34.09675,http://topnet.gsi.ru
БС Туапсе,44.10915,39.07049,http://topnet.gsi.ru
БС Воронеж,51.70043,39.18178,http://topnet.gsi.ru
БС Усолье,52.74222,103.67478,http://topnet.gsi.ru
БС Бакалы,55.17694,53.80444,http://topnet.gsi.ru
БС Ступино,54.88987,38.0721,http://topnet.gsi.ru
БС Волхов,59.92744,32.32854,http://topnet.gsi.ru
БС Кантемировка,49.70010,39.85850,http://topnet.gsi.ru
БС Белебей,54.10265,54.10866,http://topnet.gsi.ru
БС Выборг,60.71233,28.73683,http://topnet.gsi.ru
БС Лиски,50.98645,39.49859,http://topnet.gsi.ru
БС Белорецк,53.97408,58.41367,http://topnet.gsi.ru
БС Ефимовский,59.49754,34.66958,http://topnet.gsi.ru
БС Нижнедевицк,38.365,51.54722,http://topnet.gsi.ru
БС Бирск,55.4131,55.53896,http://topnet.gsi.ru
БС Кириши,59.44979,32.01064,http://topnet.gsi.ru
БС Ольховатка,50.27816,39.30361,http://topnet.gsi.ru
БС Бураево,55.83977,55.41154,http://topnet.gsi.ru
БС Кировск,59.88086,30.99858,http://topnet.gsi.ru
БС Пески,51.25354,42.45689,http://topnet.gsi.ru
БС Ломоносов,59.89101,29.78642,http://topnet.gsi.ru
БС Верхнеяркеево,55.44349,54.31122,http://topnet.gsi.ru
БС Луга,58.73619,29.84714,http://topnet.gsi.ru
БС Петропавловка,50.08802,40.88652,http://topnet.gsi.ru
БС Давлеканово,54.21277,55.03152,http://topnet.gsi.ru
БС Репьевка,51.07863,38.64120,http://topnet.gsi.ru
БС Ишимбай,53.45408,56.0448,http://topnet.gsi.ru
БС Любань,59.36616,31.25404,http://topnet.gsi.ru
БС Терновка,51.68512,41.59284,http://topnet.gsi.ru
БС Караидель,55.83019,56.91147,http://topnet.gsi.ru
БС Осьмино,59.0119,29.08766,http://topnet.gsi.ru
БС Киргиз-Мияки,53.63175,54.80306,http://topnet.gsi.ru
БС Паша,60.37832,33.0044,http://topnet.gsi.ru
БС Красная Горка,55.19007,56.66784,http://topnet.gsi.ru
БС Подпорожье,60.91163,34.16823,http://topnet.gsi.ru
БС Кумертау,52.75877,55.80085,http://topnet.gsi.ru
БС Приозерск,61.03922,30.14686,http://topnet.gsi.ru
БС Месягутово,55.53402,58.24340,http://topnet.gsi.ru
БС Пушкин,59.73009,30.38834,http://topnet.gsi.ru
БС Рощино,60.25645,29.60490,http://topnet.gsi.ru
БС Нефтекамск,56.09110,54.25851,http://topnet.gsi.ru
БС Сиверский,59.36933,30.08455,http://topnet.gsi.ru
БС Татышлы,56.29322,55.85265,http://topnet.gsi.ru
БС Толбазы,54.01658,55.88497,http://topnet.gsi.ru
БС Сланцы,59.11677,28.08692,http://topnet.gsi.ru
БС Туймазы,54.6042,53.68721,http://topnet.gsi.ru
БС Сосново,60.54692,30.22688,http://topnet.gsi.ru
БС Уфа,54.72955,55.96228,http://topnet.gsi.ru
БС Сосновый Бор,59.89749,29.07822,http://topnet.gsi.ru
БС Уфа Геостандарт,54.73634,55.98418,http://topnet.gsi.ru
БС Тихвин,59.64512,33.54246,http://topnet.gsi.ru
БС Учалы,54.31744,59.38215,http://topnet.gsi.ru
БС Токсово,60.16042,30.52925,http://topnet.gsi.ru
БС Федоровка,53.1795,55.18788,http://topnet.gsi.ru
БС Усть Луга,59.66992,28.29069,http://topnet.gsi.ru
БС Чекмагуш,55.14006,54.65246,http://topnet.gsi.ru
БС Шугозеро,59.92867,34.21107,http://topnet.gsi.ru
БС Языково,54.68641,55.01461,http://topnet.gsi.ru
БС Янаул,56.26527,54.92988,http://topnet.gsi.ru
Алексеевка,52.58796,51.27575,http://smartnet-ru.com
Альметьевск,54.90394,52.31098,http://smartnet-ru.com
Аксубаево,54.836,50.838,http://smartnet-ru.com
Армавир,45.011,41.066,http://smartnet-ru.com
Арск,56.07777,49.90456,http://smartnet-ru.com
Астрахань,46.31802,48.05359,http://smartnet-ru.com
Барнаул,53.338,83.709,http://smartnet-ru.com
Белгород,50.591,36.59,http://smartnet-ru.com
Борское,53.02305,51.6996,http://smartnet-ru.com
Брянск,53.273,34.369,http://smartnet-ru.com
Буденовск,44.776,44.159,http://smartnet-ru.com
Бирюч,50.642,38.393,http://smartnet-ru.com
Владикавказ,43.02407,44.67394,http://smartnet-ru.com
Владивосток,43.12,131.874,http://smartnet-ru.com
Владимир,56.125,40.372,http://smartnet-ru.com
Внуково,55.60674,37.28858,http://smartnet-ru.com
Волгодонск,47.507,42.207,http://smartnet-ru.com
Волоколамск,56.0223,35.919,http://smartnet-ru.com
Воронеж,51.671,39.185,http://smartnet-ru.com
Гагарин,55.555,34.989,http://smartnet-ru.com
Губкин,51.286,37.519,http://smartnet-ru.com
ГАИШ,55.70128,37.54261,http://smartnet-ru.com
Большая Глушица,52.39296,50.4724,http://smartnet-ru.com
Димитровград,54.21909,49.62568,http://smartnet-ru.com
Дербент,42.108,48.207,http://smartnet-ru.com
Дмитров,56.32727,37.53956,http://smartnet-ru.com
Дубровка,53.688,33.502,http://smartnet-ru.com
Евпатория,45.185,33.356,http://smartnet-ru.com
Ейск,46.701,38.276,http://smartnet-ru.com
Елховка,53.86572,50.28482,http://smartnet-ru.com
Екатеринбург,56.84,60.661,http://smartnet-ru.com
Жердевка,51.841,41.474,http://smartnet-ru.com
Заинск,55.278,51.975,http://smartnet-ru.com
Зеленчукская,43.86,41.584,http://smartnet-ru.com
Иваново,56.989,40.989,http://smartnet-ru.com
Ижевск,56.794,53.184,http://smartnet-ru.com
Инсар,53.867,44.359,http://smartnet-ru.com
Исаклы,54.13303,51.53508,http://smartnet-ru.com
Йошкар-Ола,56.625,47.889,http://smartnet-ru.com
Большие Кайбицы,55.40047,48.19667,http://smartnet-ru.com
Каменск-Шахтинский,48.323,40.271,http://smartnet-ru.com
Каменск-Уральский,56.385,61.959,http://smartnet-ru.com
Камское Устье,55.172,49.226,http://smartnet-ru.com
Калуга,54.53453,36.26094,http://smartnet-ru.com
Каневская,46.057,38.969,http://smartnet-ru.com
Карсун,54.19505,46.97482,http://smartnet-ru.com
Касимов,54.94011,41.39789,http://smartnet-ru.com
Кемерово,55.365,85.963,http://smartnet-ru.com
Керчь,45.289,36.406,http://smartnet-ru.com
Кизляр,43.843,46.705,http://smartnet-ru.com
Кинель,53.2357,50.62762,http://smartnet-ru.com
Клявлино,54.26876,52.02483,http://smartnet-ru.com
Коломна,55.073,38.756,http://smartnet-ru.com
Кострома,57.755,40.958,http://smartnet-ru.com
Короча,50.805,37.153,http://smartnet-ru.com
Кочубеевское,44.687,41.822,http://smartnet-ru.com
Кошки,54.20332,50.46871,http://smartnet-ru.com
Красноармейское,52.71048,50.03394,http://smartnet-ru.com
Краснодар,45.00891,38.96742,http://smartnet-ru.com
Красная Поляна,43.622,40.3064,http://smartnet-ru.com
Красный Яр,53.492,50.386,http://smartnet-ru.com
Кукмор,56.18108,50.93309,http://smartnet-ru.com
Кулаево,55.71999,49.49913,http://smartnet-ru.com
Курск,51.693,36.16,http://smartnet-ru.com
Леваши,42.421,47.321,http://smartnet-ru.com
Ленинградская,46.323,39.389,http://smartnet-ru.com
Липецк,52.585,39.557,http://smartnet-ru.com
Людиново,53.861,34.442,http://smartnet-ru.com
Магнитогорск,53.39,58.991,http://smartnet-ru.com
Мамадыш,55.65496,51.3966,http://smartnet-ru.com
Майкоп,44.61309,40.07477,http://smartnet-ru.com
Махачкала,42.975,47.485,http://smartnet-ru.com
Мглин,53.0563,32.842,http://smartnet-ru.com
Мичуринск,52.891,40.469,http://smartnet-ru.com
Мокшино,56.591,36.53,http://smartnet-ru.com
Можайск,55.505,36.007,http://smartnet-ru.com
Набережные Челны,55.70147,52.3576,http://smartnet-ru.com
Нальчик,43.49397,43.58105,http://smartnet-ru.com
Нефтегорск,52.79776,51.16343,http://smartnet-ru.com
Нижний Новгород,56.157,43.905,http://smartnet-ru.com
Новокузнецк,53.743,87.125,http://smartnet-ru.com
Новороссийск,44.72023,37.76606,http://smartnet-ru.com
Новоспасское,53.14404,47.76157,http://smartnet-ru.com
Новочеркасск,47.419,40.026,http://smartnet-ru.com
Обнинск,55.118,36.64,http://smartnet-ru.com
Октябрьский,54.486,53.486,http://smartnet-ru.com
Орел,52.975,36.057,http://smartnet-ru.com
Орехово-Зуево,55.80876,38.98756,http://smartnet-ru.com
Оренбург,51.83402,55.12039,http://smartnet-ru.com
Пенза,53.185,45.008,http://smartnet-ru.com
Пермь,58.005,56.236,http://smartnet-ru.com
Пестравка,52.4051,49.96273,http://smartnet-ru.com
Похвистнево,53.65401,52.1215,http://smartnet-ru.com
Приволжск,57.375,41.276,http://smartnet-ru.com
Прохоровка,51.033,36.725,http://smartnet-ru.com
Псков,57.804,28.339,http://smartnet-ru.com
Пушкинские Горы,57.022,28.924,http://smartnet-ru.com
Пятигорск,44.0295,43.04432,http://smartnet-ru.com
Раменское,55.57159,38.21294,http://smartnet-ru.com
Ростов-на-Дону,47.24063,39.59347,http://smartnet-ru.com
Рыбная Слобода,55.47393,50.173,http://smartnet-ru.com
Рыбинск,58.076,38.226,http://smartnet-ru.com
Рязань,54.672,39.609,http://smartnet-ru.com
Тольятти,53.51443,49.40859,http://smartnet-ru.com
Большая Черниговка,52.08549,50.87212,http://smartnet-ru.com
Отрадный,53.3772,51.3478,http://smartnet-ru.com
Сальск,46.473,41.538,http://smartnet-ru.com
Самара,53.21598,50.15976,http://smartnet-ru.com
РТЦ Самары,53.21598,50.15976,http://smartnet-ru.com
Чайковского,59.94,30.291,http://smartnet-ru.com
Кронверский,59.94,30.291,http://smartnet-ru.com
Биржевая,59.94,30.291,http://smartnet-ru.com
Саранск,54.176,45.186,http://smartnet-ru.com
Сергиевск,53.94069,51.1662,http://smartnet-ru.com
Севастополь,44.617,33.519,http://smartnet-ru.com
Семикаракорск,47.519,40.807,http://smartnet-ru.com
Славянск-на-Кубани,45.255,38.105,http://smartnet-ru.com
Симферополь,44.97,34.139,http://smartnet-ru.com
Смоленск,54.77,32.025,http://smartnet-ru.com
Солнечногорск,56.172,36.989,http://smartnet-ru.com
Сочи,43.58933,39.72612,http://smartnet-ru.com
Ставрополь,45.04169,41.98479,http://smartnet-ru.com
Стародуб,52.587,32.756,http://smartnet-ru.com
Стерлитамак,53.648,55.936,http://smartnet-ru.com
Сызрань,53.1557,48.47572,http://smartnet-ru.com
Таганрог,47.21007,38.93773,http://smartnet-ru.com
Нижний Тагил,57.903,59.957,http://smartnet-ru.com
Тальменка,53.822,83.558,http://smartnet-ru.com
Тамбов,52.753,41.442,http://smartnet-ru.com
Тверь,56.871,35.892,http://smartnet-ru.com
Темрюк,45.272,37.373,http://smartnet-ru.com
Тетюши,54.95407,48.83945,http://smartnet-ru.com
Тихорецк,45.853,40.147,http://smartnet-ru.com
Тимашевск,45.609,38.942,http://smartnet-ru.com
Трубчевск,52.575,33.759,http://smartnet-ru.com
Тула,54.17392,37.61618,http://smartnet-ru.com
Туапсе,44.093,39.059,http://smartnet-ru.com
Тюлячи,55.8871,50.22504,http://smartnet-ru.com
Тюмень,57.16217,65.51991,http://smartnet-ru.com
Шахты,47.70482,40.22324,http://smartnet-ru.com
Шацк,54.01582,41.69822,http://smartnet-ru.com
Шентала,54.42774,51.46614,http://smartnet-ru.com
Шигоны,53.38969,48.68159,http://smartnet-ru.com
Щелково,55.939,37.958,http://smartnet-ru.com
Ульяновск,54.319,48.391,http://smartnet-ru.com
Новый Уренгой,66.075,76.672,http://smartnet-ru.com
Уфа,54.70401,55.97622,http://smartnet-ru.com
Феодосия,45.025,35.375,http://smartnet-ru.com
Верхний Услон,55.7666,48.96368,http://smartnet-ru.com
Хворостянка,52.61448,48.96447,http://smartnet-ru.com
Чапаевск,52.98278,49.71841,http://smartnet-ru.com
Чебоксары,56.086,47.305,http://smartnet-ru.com
Челябинск,55.19386,61.39091,http://smartnet-ru.com
Черкесск,44.22582,42.05476,http://smartnet-ru.com
Чехов,55.152,37.486,http://smartnet-ru.com
Ялта,44.487,34.153,http://smartnet-ru.com
Ярославль,57.63165,39.84668,http://smartnet-ru.com
Ярцево,55.0576,32.692,http://smartnet-ru.com
Романовка,51.743,42.735,http://smartnet-ru.com
Базарный Карабулак,52.258,46.407,http://smartnet-ru.com
Балаково,52.03085,47.78411,http://smartnet-ru.com
Дергачи,51.23656,48.77231,http://smartnet-ru.com
Калининск,51.4943,44.48055,http://smartnet-ru.com
Красноармейск,51.02835,45.67947,http://smartnet-ru.com
Маркс,51.706,46.782,http://smartnet-ru.com
Мокроус,51.23177,47.52163,http://smartnet-ru.com
Питерка,50.67707,47.44168,http://smartnet-ru.com
Пугачев,52.0141,48.81207,http://smartnet-ru.com
Саратов-1,51.51999,46.01337,http://smartnet-ru.com
Хвалынск,52.476,48.102,http://smartnet-ru.com
Екатериновка,52.05,44.35,http://smartnet-ru.com
Анна,51.484,40.422,http://smartnet-ru.com
Арзамас,55.392,43.824,http://smartnet-ru.com
Балашов,51.543,43.142,http://smartnet-ru.com
Борисоглебск,51.36,42.071,http://smartnet-ru.com
Вологда,59.217,39.872,http://smartnet-ru.com
Белая,51.0545,35.698,http://smartnet-ru.com
Валуйки,50.1975,38.079,http://smartnet-ru.com
Вязьма,55.2008,34.302,http://smartnet-ru.com
Детчино,54.808,36.306,http://smartnet-ru.com
Дмитриев-Льговский,52.124,35.068,http://smartnet-ru.com
Ефремов,53.142,38.118,http://smartnet-ru.com
Елец,52.621,38.493,http://smartnet-ru.com
Калач,50.422,41.0095,http://smartnet-ru.com
Калязин,57.238,37.823,http://smartnet-ru.com
Кимовск,53.97,38.523,http://smartnet-ru.com
Лиски,50.986,39.487,http://smartnet-ru.com
Чаплыгин,53.239,39.968,http://smartnet-ru.com
Череповец,59.12,37.959,http://smartnet-ru.com
Чернь,53.452,36.9073,http://smartnet-ru.com
Большеречье,56.091,74.636,http://smartnet-ru.com
Калачинск,55.0054,74.576,http://smartnet-ru.com
Колосовка,56.459,73.608,http://smartnet-ru.com
Крутинка,56.007,71.509,http://smartnet-ru.com
Москаленки,54.937,71.926,http://smartnet-ru.com
Называевск,55.559,71.342,http://smartnet-ru.com
Одесское,54.206,72.959,http://smartnet-ru.com
Омск,54.987,73.374,http://smartnet-ru.com
Омск-7,54.808,73.489,http://smartnet-ru.com
Павлоградка,54.2103,73.555,http://smartnet-ru.com
Русская Поляна,53.773,73.876,http://smartnet-ru.com
Саргатское,55.606,73.493,http://smartnet-ru.com
Седельниково,56.943,75.308,http://smartnet-ru.com
Тара,56.891,74.399,http://smartnet-ru.com
Черлак,54.152,74.791,http://smartnet-ru.com
,51.72275,36.19088,http://geodetika.ru/site/bazovye-stantsii
,45.037290838080359,39.000300514754741,http://geodetika.ru/site/bazovye-stantsii
,45.272535643214695,37.392305174560413,http://geodetika.ru/site/bazovye-stantsii
,44.70536,37.77291,http://geodetika.ru/site/bazovye-stantsii
OKTR,54.47929,53.46637,http://geodetika.ru/site/bazovye-stantsii
USUR,43.80219,131.95687,http://geodetika.ru/site/bazovye-stantsii
,45.20777,33.36775,http://geodetika.ru/site/bazovye-stantsii
,44.58306,33.54627,http://geodetika.ru/site/bazovye-stantsii
,44.48882,34.15188,http://geodetika.ru/site/bazovye-stantsii
,44.92429,34.07437,http://geodetika.ru/site/bazovye-stantsii
,45.241883230097287,38.137396740722565,http://geodetika.ru/site/bazovye-stantsii
,43.5954,39.73951,http://geodetika.ru/site/bazovye-stantsii
,44.10147,39.07854,http://geodetika.ru/site/bazovye-stantsii
,44.62032,40.09726,http://geodetika.ru/site/bazovye-stantsii
,44.98247,41.14295,http://geodetika.ru/site/bazovye-stantsii
,45.07207,42.01988,http://geodetika.ru/site/bazovye-stantsii
,44.63836,41.94297,http://geodetika.ru/site/bazovye-stantsii
,44.78498,44.15441,http://geodetika.ru/site/bazovye-stantsii
,44.25848,42.03769,http://geodetika.ru/site/bazovye-stantsii
,43.83578,41.58034,http://geodetika.ru/site/bazovye-stantsii
,44.05878,43.05596,http://geodetika.ru/site/bazovye-stantsii
,43.45542,43.568,http://geodetika.ru/site/bazovye-stantsii
,43.01087,44.65872,http://geodetika.ru/site/bazovye-stantsii
,42.97647,47.50526,http://geodetika.ru/site/bazovye-stantsii
,45.84915,40.12153,http://geodetika.ru/site/bazovye-stantsii
,46.31716,39.37635,http://geodetika.ru/site/bazovye-stantsii
,46.08794,38.96335,http://geodetika.ru/site/bazovye-stantsii
,46.35217,48.05101,http://geodetika.ru/site/bazovye-stantsii
,46.47528,41.52953,http://geodetika.ru/site/bazovye-stantsii
,47.21423,38.912,http://geodetika.ru/site/bazovye-stantsii
,47.22631,39.72654,http://geodetika.ru/site/bazovye-stantsii
,47.51643,40.78838,http://geodetika.ru/site/bazovye-stantsii
,47.70658,40.21795,http://geodetika.ru/site/bazovye-stantsii
,48.32397,40.26038,http://geodetika.ru/site/bazovye-stantsii
,47.52162,42.21624,http://geodetika.ru/site/bazovye-stantsii
,48.7368,44.53432,http://geodetika.ru/site/bazovye-stantsii
,50.56742,36.49467,http://geodetika.ru/site/bazovye-stantsii
,51.27889,37.54776,http://geodetika.ru/site/bazovye-stantsii
,50.81516,37.17664,http://geodetika.ru/site/bazovye-stantsii
,51.03313,36.7327,http://geodetika.ru/site/bazovye-stantsii
,59.94284,30.29594,http://geodetika.ru/site/bazovye-stantsii
,57.81618,28.32938,http://geodetika.ru/site/bazovye-stantsii
,57.01888,28.92095,http://geodetika.ru/site/bazovye-stantsii
,54.76352,31.96147,http://geodetika.ru/site/bazovye-stantsii
,55.08031,32.67376,http://geodetika.ru/site/bazovye-stantsii
,53.26406,34.42627,http://geodetika.ru/site/bazovye-stantsii
,52.59021,33.75062,http://geodetika.ru/site/bazovye-stantsii
,52.63033,39.56788,http://geodetika.ru/site/bazovye-stantsii
,52.74383,41.4795,http://geodetika.ru/site/bazovye-stantsii
,52.32511,42.49891,http://geodetika.ru/site/bazovye-stantsii
,51.84117,41.46091,http://geodetika.ru/site/bazovye-stantsii
,51.9342,43.52197,http://geodetika.ru/site/bazovye-stantsii
,51.87487,45.00627,http://geodetika.ru/site/bazovye-stantsii
,51.50272,44.49265,http://geodetika.ru/site/bazovye-stantsii
,51.55015,46.04793,http://geodetika.ru/site/bazovye-stantsii
,51.0188,45.7007,http://geodetika.ru/site/bazovye-stantsii
,51.71569,46.76992,http://geodetika.ru/site/bazovye-stantsii
,52.2781,46.40997,http://geodetika.ru/site/bazovye-stantsii
,50.66623,47.43419,http://geodetika.ru/site/bazovye-stantsii
,51.23457,47.50572,http://geodetika.ru/site/bazovye-stantsii
,51.24409,48.78316,http://geodetika.ru/site/bazovye-stantsii
,52.0082,48.81612,http://geodetika.ru/site/bazovye-stantsii
,52.01329,47.7944,http://geodetika.ru/site/bazovye-stantsii
,52.48905,48.09894,http://geodetika.ru/site/bazovye-stantsii
,52.61044,48.96665,http://geodetika.ru/site/bazovye-stantsii
,52.39998,49.95691,http://geodetika.ru/site/bazovye-stantsii
,52.39494,50.487,http://geodetika.ru/site/bazovye-stantsii
,52.09146,50.86328,http://geodetika.ru/site/bazovye-stantsii
,52.58648,51.2483,http://geodetika.ru/site/bazovye-stantsii
,52.79451,51.15904,http://geodetika.ru/site/bazovye-stantsii
,53.03028,51.69462,http://geodetika.ru/site/bazovye-stantsii
,53.22294,50.63979,http://geodetika.ru/site/bazovye-stantsii
,52.72056,50.03005,http://geodetika.ru/site/bazovye-stantsii
,53.17181,50.09047,http://geodetika.ru/site/bazovye-stantsii
,52.96923,49.73023,http://geodetika.ru/site/bazovye-stantsii
,53.37725,48.66564,http://geodetika.ru/site/bazovye-stantsii
,53.1533,48.47064,http://geodetika.ru/site/bazovye-stantsii
,53.14999,47.72356,http://geodetika.ru/site/bazovye-stantsii
,53.52198,49.38011,http://geodetika.ru/site/bazovye-stantsii
,53.49865,50.40628,http://geodetika.ru/site/bazovye-stantsii
,53.36477,51.35659,http://geodetika.ru/site/bazovye-stantsii
,53.64684,52.13096,http://geodetika.ru/site/bazovye-stantsii
,54.26451,52.02747,http://geodetika.ru/site/bazovye-stantsii
,54.42577,51.4658,http://geodetika.ru/site/bazovye-stantsii
,53.93864,51.16518,http://geodetika.ru/site/bazovye-stantsii
,53.86403,50.28628,http://geodetika.ru/site/bazovye-stantsii
,54.20437,50.47579,http://geodetika.ru/site/bazovye-stantsii
,54.19889,49.5841,http://geodetika.ru/site/bazovye-stantsii
,54.27348,48.29984,http://geodetika.ru/site/bazovye-stantsii
,54.19879,46.97958,http://geodetika.ru/site/bazovye-stantsii
,54.191,45.18629,http://geodetika.ru/site/bazovye-stantsii
,54.93771,48.82871,http://geodetika.ru/site/bazovye-stantsii
,54.84747,50.79526,http://geodetika.ru/site/bazovye-stantsii
,54.89613,52.28939,http://geodetika.ru/site/bazovye-stantsii
,54.4871,53.4952,http://geodetika.ru/site/bazovye-stantsii
,55.29664,52.01326,http://geodetika.ru/site/bazovye-stantsii
,55.71295,52.41189,http://geodetika.ru/site/bazovye-stantsii
,56.8443,53.2123,http://geodetika.ru/site/bazovye-stantsii
,55.70622,51.39833,http://geodetika.ru/site/bazovye-stantsii
,56.17636,50.90669,http://geodetika.ru/site/bazovye-stantsii
,56.07587,49.87398,http://geodetika.ru/site/bazovye-stantsii
,55.88184,50.23515,http://geodetika.ru/site/bazovye-stantsii
,55.76364,48.97072,http://geodetika.ru/site/bazovye-stantsii
,55.7115,49.56768,http://geodetika.ru/site/bazovye-stantsii
,55.46367,50.14008,http://geodetika.ru/site/bazovye-stantsii
,55.18652,49.24242,http://geodetika.ru/site/bazovye-stantsii
,55.40614,48.19355,http://geodetika.ru/site/bazovye-stantsii
,54.74239,55.94736,http://geodetika.ru/site/bazovye-stantsii
,51.77269,55.09042,http://geodetika.ru/site/bazovye-stantsii
,53.63424,55.9144,http://geodetika.ru/site/bazovye-stantsii
,57.94158,56.16709,http://geodetika.ru/site/bazovye-stantsii
,56.813,60.35941,http://geodetika.ru/site/bazovye-stantsii
,57.9229,59.97489,http://geodetika.ru/site/bazovye-stantsii
,55.05683,61.21177,http://geodetika.ru/site/bazovye-stantsii
,56.41417,61.92587,http://geodetika.ru/site/bazovye-stantsii
,55.44592,65.34262,http://geodetika.ru/site/bazovye-stantsii
,57.13301,65.43826,http://geodetika.ru/site/bazovye-stantsii
,54.97826,73.36873,http://geodetika.ru/site/bazovye-stantsii
,55.56418,71.34336,http://geodetika.ru/site/bazovye-stantsii
,55.99692,71.50871,http://geodetika.ru/site/bazovye-stantsii
,54.93302,71.93344,http://geodetika.ru/site/bazovye-stantsii
,55.04673,74.61325,http://geodetika.ru/site/bazovye-stantsii
,56.09708,74.63565,http://geodetika.ru/site/bazovye-stantsii
,56.94065,75.28592,http://geodetika.ru/site/bazovye-stantsii
,56.88957,74.37131,http://geodetika.ru/site/bazovye-stantsii
,56.53111,73.56621,http://geodetika.ru/site/bazovye-stantsii
,54.14949,74.80359,http://geodetika.ru/site/bazovye-stantsii
,53.77641,73.88488,http://geodetika.ru/site/bazovye-stantsii
,54.19666,73.55948,http://geodetika.ru/site/bazovye-stantsii
,54.21034,72.95523,http://geodetika.ru/site/bazovye-stantsii
,53.33917,83.76733,http://geodetika.ru/site/bazovye-stantsii
,53.81647,83.55885,http://geodetika.ru/site/bazovye-stantsii
,56.17549,43.75921,http://geodetika.ru/site/bazovye-stantsii
,54.62524,39.70526,http://geodetika.ru/site/bazovye-stantsii
,54.94866,41.37603,http://geodetika.ru/site/bazovye-stantsii
,54.02576,41.70772,http://geodetika.ru/site/bazovye-stantsii
,56.14993,40.42643,http://geodetika.ru/site/bazovye-stantsii
,57.00264,40.99311,http://geodetika.ru/site/bazovye-stantsii
,57.6327,39.81757,http://geodetika.ru/site/bazovye-stantsii
,58.08943,38.81232,http://geodetika.ru/site/bazovye-stantsii
,54.15142,37.55791,http://geodetika.ru/site/bazovye-stantsii
,54.52057,36.27165,http://geodetika.ru/site/bazovye-stantsii
,56.89307,35.99843,http://geodetika.ru/site/bazovye-stantsii
,56.5795,36.51047,http://geodetika.ru/site/bazovye-stantsii
,56.02289,35.95017,http://geodetika.ru/site/bazovye-stantsii
,55.55483,34.9886,http://geodetika.ru/site/bazovye-stantsii
,55.49917,36.01514,http://geodetika.ru/site/bazovye-stantsii
,55.09774,36.6384,http://geodetika.ru/site/bazovye-stantsii
,55.15798,37.47847,http://geodetika.ru/site/bazovye-stantsii
,55.09778,38.756,http://geodetika.ru/site/bazovye-stantsii
,55.79364,38.98125,http://geodetika.ru/site/bazovye-stantsii
,55.56607,38.25151,http://geodetika.ru/site/bazovye-stantsii
,55.6981,37.57056,http://geodetika.ru/site/bazovye-stantsii
,55.73812,36.86391,http://geodetika.ru/site/bazovye-stantsii
,56.13201,38.43255,http://geodetika.ru/site/bazovye-stantsii
,56.18582,36.99114,http://geodetika.ru/site/bazovye-stantsii
,56.34446,37.54389,http://geodetika.ru/site/bazovye-stantsii
,44.95986,34.11781,http://geodetika.ru/site/bazovye-stantsii
,45.03854,35.09932,http://geodetika.ru/site/bazovye-stantsii
,43.85994,41.59491,http://geodetika.ru/site/bazovye-stantsii
,43.40534,42.92584,http://geodetika.ru/site/bazovye-stantsii
,43.49524,43.63711,http://geodetika.ru/site/bazovye-stantsii
,43.58234,44.06082,http://geodetika.ru/site/bazovye-stantsii
,43.05379,44.68162,http://geodetika.ru/site/bazovye-stantsii
,43.12435,45.73912,http://geodetika.ru/site/bazovye-stantsii
,43.64755,45.31641,http://geodetika.ru/site/bazovye-stantsii
,43.25074,46.35549,http://geodetika.ru/site/bazovye-stantsii
,61.67468,50.83189,http://geodetika.ru/site/bazovye-stantsii
,61.07361,50.10318,http://geodetika.ru/site/bazovye-stantsii
,60.33326,49.63352,http://geodetika.ru/site/bazovye-stantsii
,61.94571,52.33662,http://geodetika.ru/site/bazovye-stantsii
,62.22178,49.99033,http://geodetika.ru/site/bazovye-stantsii
,62.59588,50.87176,http://geodetika.ru/site/bazovye-stantsii
,63.4231,48.65834,http://geodetika.ru/site/bazovye-stantsii
,63.55907,53.69958,http://geodetika.ru/site/bazovye-stantsii
,62.71751,56.1476,http://geodetika.ru/site/bazovye-stantsii
,63.85717,57.29348,http://geodetika.ru/site/bazovye-stantsii
,65.14564,57.2303,http://geodetika.ru/site/bazovye-stantsii
,66.00625,57.55714,http://geodetika.ru/site/bazovye-stantsii
,66.0333,60.15722,http://geodetika.ru/site/bazovye-stantsii
,67.4987,64.04848,http://geodetika.ru/site/bazovye-stantsii
,66.55615,66.62105,http://geodetika.ru/site/bazovye-stantsii
,66.66203,66.39583,http://geodetika.ru/site/bazovye-stantsii
,66.55506,67.80328,http://geodetika.ru/site/bazovye-stantsii
,65.53977,72.53442,http://geodetika.ru/site/bazovye-stantsii
,66.08263,76.66835,http://geodetika.ru/site/bazovye-stantsii
,65.92539,78.18629,http://geodetika.ru/site/bazovye-stantsii
,64.91086,77.76455,http://geodetika.ru/site/bazovye-stantsii
,64.47969,76.69612,http://geodetika.ru/site/bazovye-stantsii
,64.42929,76.4915,http://geodetika.ru/site/bazovye-stantsii
,64.21384,75.36904,http://geodetika.ru/site/bazovye-stantsii
,63.79254,74.51483,http://geodetika.ru/site/bazovye-stantsii
,63.72446,75.96208,http://geodetika.ru/site/bazovye-stantsii
,63.19425,75.45617,http://geodetika.ru/site/bazovye-stantsii
,62.98767,76.98231,http://geodetika.ru/site/bazovye-stantsii
,62.25934,74.4835,http://geodetika.ru/site/bazovye-stantsii
,61.24839,73.4218,http://geodetika.ru/site/bazovye-stantsii
,60.957,76.63048,http://geodetika.ru/site/bazovye-stantsii
,61.37497,63.57882,http://geodetika.ru/site/bazovye-stantsii
,57.15689,65.63655,http://geodetika.ru/site/bazovye-stantsii
,54.90786,73.47255,http://geodetika.ru/site/bazovye-stantsii
,53.73657,87.34764,http://geodetika.ru/site/bazovye-stantsii
,52.31181,104.24048,http://geodetika.ru/site/bazovye-stantsii
,56.83107,60.85664,http://geodetika.ru/site/bazovye-stantsii
,55.08102,61.56731,http://geodetika.ru/site/bazovye-stantsii
,53.41117,58.99143,http://geodetika.ru/site/bazovye-stantsii
,53.96547,58.40916,http://geodetika.ru/site/bazovye-stantsii
,54.33307,59.36582,http://geodetika.ru/site/bazovye-stantsii
,55.53965,58.24018,http://geodetika.ru/site/bazovye-stantsii
,54.83459,56.43273,http://geodetika.ru/site/bazovye-stantsii
,54.40212,56.77905,http://geodetika.ru/site/bazovye-stantsii
,54.01975,55.89012,http://geodetika.ru/site/bazovye-stantsii
,53.45102,56.04187,http://geodetika.ru/site/bazovye-stantsii
,52.7525,55.80934,http://geodetika.ru/site/bazovye-stantsii
,53.17091,55.1798,http://geodetika.ru/site/bazovye-stantsii
,53.21042,50.20399,http://geodetika.ru/site/bazovye-stantsii
,54.22694,49.66292,http://geodetika.ru/site/bazovye-stantsii
,54.83794,46.55913,http://geodetika.ru/site/bazovye-stantsii
,55.06872,47.59734,http://geodetika.ru/site/bazovye-stantsii
,55.50815,47.47294,http://geodetika.ru/site/bazovye-stantsii
,55.48788,46.39903,http://geodetika.ru/site/bazovye-stantsii
,56.13966,47.20655,http://geodetika.ru/site/bazovye-stantsii
,55.77139,48.92316,http://geodetika.ru/site/bazovye-stantsii
,55.83848,48.24806,http://geodetika.ru/site/bazovye-stantsii
,56.28175,44.06449,http://geodetika.ru/site/bazovye-stantsii
,56.36428,41.29064,http://geodetika.ru/site/bazovye-stantsii
,54.18224,37.65331,http://geodetika.ru/site/bazovye-stantsii
,53.71564,37.2857,http://geodetika.ru/site/bazovye-stantsii
,54.02001,37.50564,http://geodetika.ru/site/bazovye-stantsii
,53.94245,37.57184,http://geodetika.ru/site/bazovye-stantsii
,53.93273,37.92958,http://geodetika.ru/site/bazovye-stantsii
,54.08264,37.8271,http://geodetika.ru/site/bazovye-stantsii
,54.10453,37.11194,http://geodetika.ru/site/bazovye-stantsii
,53.71695,35.53962,http://geodetika.ru/site/bazovye-stantsii
,54.84856,32.14034,http://geodetika.ru/site/bazovye-stantsii
,54.97831,35.32131,http://geodetika.ru/site/bazovye-stantsii
,55.69973,37.74841,http://geodetika.ru/site/bazovye-stantsii
,59.65856,33.54282,http://geodetika.ru/site/bazovye-stantsii
,59.49537,34.66724,http://geodetika.ru/site/bazovye-stantsii
,59.89619,32.36101,http://geodetika.ru/site/bazovye-stantsii
,60.72789,33.57128,http://geodetika.ru/site/bazovye-stantsii
,60.38268,33.00864,http://geodetika.ru/site/bazovye-stantsii
,60.90362,34.16265,http://geodetika.ru/site/bazovye-stantsii
,61.01252,35.47699,http://geodetika.ru/site/bazovye-stantsii
,61.7858,34.31546,http://geodetika.ru/site/bazovye-stantsii
,59.46177,32.01011,http://geodetika.ru/site/bazovye-stantsii
,59.35535,31.24677,http://geodetika.ru/site/bazovye-stantsii
,59.54091,30.8804,http://geodetika.ru/site/bazovye-stantsii
,59.71106,30.41049,http://geodetika.ru/site/bazovye-stantsii
,59.86197,30.98865,http://geodetika.ru/site/bazovye-stantsii
,59.55946,30.13858,http://geodetika.ru/site/bazovye-stantsii
,59.34972,30.0603,http://geodetika.ru/site/bazovye-stantsii
,59.8901,29.85264,http://geodetika.ru/site/bazovye-stantsii
,60.15848,30.52418,http://geodetika.ru/site/bazovye-stantsii
,60.25321,29.61021,http://geodetika.ru/site/bazovye-stantsii
,60.36055,29.74056,http://geodetika.ru/site/bazovye-stantsii
,60.54417,30.20876,http://geodetika.ru/site/bazovye-stantsii
,60.70811,28.74586,http://geodetika.ru/site/bazovye-stantsii
,59.89753,29.09163,http://geodetika.ru/site/bazovye-stantsii
,59.65621,28.25266,http://geodetika.ru/site/bazovye-stantsii
,59.37386,28.60892,http://geodetika.ru/site/bazovye-stantsii
,59.11935,28.05874,http://geodetika.ru/site/bazovye-stantsii
,59.01106,29.0865,http://geodetika.ru/site/bazovye-stantsii
,58.72107,29.85036,http://geodetika.ru/site/bazovye-stantsii
,50.63985,36.64071,http://geodetika.ru/site/bazovye-stantsii
,45.2133,33.88637,http://geodetika.ru/site/bazovye-stantsii
ALUS,44.67887,34.41371,http://geodetika.ru/site/bazovye-stantsii
,45.36771,36.45824,http://geodetika.ru/site/bazovye-stantsii
ATGI,43.31552,45.71416,http://geodetika.ru/site/bazovye-stantsii
KURK,51.70886,36.16047,http://geodetika.ru/site/bazovye-stantsii
LUKH,54.96752,39.0174,http://geodetika.ru/site/bazovye-stantsii
,55.5785,39.54252,http://geodetika.ru/site/bazovye-stantsii
VLAD,56.13278,40.3934,http://geodetika.ru/site/bazovye-stantsii
RAMN,55.56047,38.21119,http://geodetika.ru/site/bazovye-stantsii
NOGN,55.82905,38.43634,http://geodetika.ru/site/bazovye-stantsii
FRNV,56.13728,38.46871,http://geodetika.ru/site/bazovye-stantsii
SPOS,56.31782,38.13368,http://geodetika.ru/site/bazovye-stantsii
MZSK,55.92601,37.79135,http://geodetika.ru/site/bazovye-stantsii
PODO,55.42393,37.54987,http://geodetika.ru/site/bazovye-stantsii
CHEH,55.14254,37.42947,http://geodetika.ru/site/bazovye-stantsii
ODIN,55.66932,37.24413,http://geodetika.ru/site/bazovye-stantsii
PVLS,55.81533,37.08663,http://geodetika.ru/site/bazovye-stantsii
ZVEN,55.72799,36.84389,http://geodetika.ru/site/bazovye-stantsii
SOLN,56.16788,36.9626,http://geodetika.ru/site/bazovye-stantsii
KLIN,56.34065,36.70905,http://geodetika.ru/site/bazovye-stantsii
DMIT,56.33414,37.51481,http://geodetika.ru/site/bazovye-stantsii
TVER,56.81378,35.83388,http://geodetika.ru/site/bazovye-stantsii
KRGN,55.44184,65.30948,http://geodetika.ru/site/bazovye-stantsii
VZMA,55.2115,34.30259,http://geodetika.ru/site/bazovye-stantsii
,45.62909,38.9343,http://geodetika.ru/site/bazovye-stantsii
KRCH,45.35679,36.45387,http://geodetika.ru/site/bazovye-stantsii
,50.64346,38.40257,http://geodetika.ru/site/bazovye-stantsii
SCHL,55.93992,37.96006,http://geodetika.ru/site/bazovye-stantsii
,53.06782,32.84441,http://geodetika.ru/site/bazovye-stantsii
,52.69642,34.53395,http://geodetika.ru/site/bazovye-stantsii
,52.5779,32.77605,http://geodetika.ru/site/bazovye-stantsii
,56.08543,54.27896,http://geodetika.ru/site/bazovye-stantsii
,52.72051,58.6664,http://geodetika.ru/site/bazovye-stantsii
,54.31917,59.3786,http://geodetika.ru/site/bazovye-stantsii
KUNA,56.305535289655047,30.980803663329844,http://geodetika.ru/site/bazovye-stantsii
Кашин,57.358381,37.61344,,37.61344,57.358381,
KASH,57.358380999910835,37.603842908934162,http://geodetika.ru/site/bazovye-stantsii
ZOKS,54.733094,37.403836,http://geodetika.ru/site/bazovye-stantsii
TULA,54.201418541887548,37.582313989257628,http://geodetika.ru/site/bazovye-stantsii
KZIL,43.194680499089372,46.870567773436768,http://geodetika.ru/site/bazovye-stantsii
KNDR,45.445231060940316,34.98225061816391,http://geodetika.ru/site/bazovye-stantsii
LPCK,52.61022,39.594719,http://geodetika.ru/site/bazovye-stantsii
PETU,55.930967,39.4599,http://geodetika.ru/site/bazovye-stantsii
IZHV,56.852775,53.211463,http://geodetika.ru/site/bazovye-stantsii
BRON,55.427138105397795,38.237228048349664,http://geodetika.ru/site/bazovye-stantsii
KGOR,55.831812,37.329429,http://geodetika.ru/site/bazovye-stantsii
PETR,45.413252923979734,37.956600126953106,http://geodetika.ru/site/bazovye-stantsii
HABA,48.474978140436981,135.088523238280203,http://geodetika.ru/site/bazovye-stantsii
,46.708434635523929,38.269360869505434,http://geodetika.ru/site/bazovye-stantsii
VLKL,56.020931428226355,35.936583579100692,http://geodetika.ru/site/bazovye-stantsii
,44.871084841814088,38.161773755389731,http://geodetika.ru/site/bazovye-stantsii
,44.893540853767107,40.600738599139667,http://geodetika.ru/site/bazovye-stantsii
,45.365983079538012,41.710357739764639,http://geodetika.ru/site/bazovye-stantsii
,45.334996922674556,42.852935864764632,http://geodetika.ru/site/bazovye-stantsii
,44.650941057500553,41.919097974139554,http://geodetika.ru/site/bazovye-stantsii
,44.766499552542761,44.146576001483311,http://geodetika.ru/site/bazovye-stantsii
,43.74798537522198,44.643707349139511,http://geodetika.ru/site/bazovye-stantsii
,43.03695173371797,44.72061164601449,http://geodetika.ru/site/bazovye-stantsii
,43.474582025791811,43.630218579608233,http://geodetika.ru/site/bazovye-stantsii
,44.202192884436194,43.201751782733218,http://geodetika.ru/site/bazovye-stantsii
,44.198241150587272,42.031707837420726,http://geodetika.ru/site/bazovye-stantsii
,43.582496290360417,39.765777661639433,http://geodetika.ru/site/bazovye-stantsii
,44.072794545199578,39.109344556170655,http://geodetika.ru/site/bazovye-stantsii
,45.282098315880404,37.358741834002558,http://geodetika.ru/site/bazovye-stantsii
,46.082708354016368,38.939056470233105,http://geodetika.ru/site/bazovye-stantsii
,47.226834319140728,38.862152173358105,http://geodetika.ru/site/bazovye-stantsii
,47.206249360260216,39.680633618670619,http://geodetika.ru/site/bazovye-stantsii
,47.508597140892711,40.839691235858105,http://geodetika.ru/site/bazovye-stantsii
,47.516040470103441,42.169036938983098,http://geodetika.ru/site/bazovye-stantsii
,46.465525641787707,41.501617505389319,http://geodetika.ru/site/bazovye-stantsii
,45.852877373819695,40.070648267108041,http://geodetika.ru/site/bazovye-stantsii
,46.07697427652505,47.725372388201791,http://geodetika.ru/site/bazovye-stantsii
,46.685230598417171,47.821502759295484,http://geodetika.ru/site/bazovye-stantsii
,46.389557580584452,48.532867505389248,http://geodetika.ru/site/bazovye-stantsii
,47.413601576006251,47.261200024920406,http://geodetika.ru/site/bazovye-stantsii
,48.293517602041021,46.165313794451535,http://geodetika.ru/site/bazovye-stantsii
,48.700585983852896,44.429473950701549,http://geodetika.ru/site/bazovye-stantsii
,48.611422267430974,42.855682446795292,http://geodetika.ru/site/bazovye-stantsii
,49.751084225639353,43.674163892107757,http://geodetika.ru/site/bazovye-stantsii
,49.302338009505164,43.064422681170207,http://geodetika.ru/site/bazovye-stantsii
,49.62813647632538,41.6801453374201,http://geodetika.ru/site/bazovye-stantsii
,49.380155655755701,40.265655591326343,http://geodetika.ru/site/bazovye-stantsii
CHRK,44.235655870339265,42.064666821794852,http://geodetika.ru/site/bazovye-stantsii
MNRV,44.221831546481269,43.1337738774589,http://geodetika.ru/site/bazovye-stantsii
NALC,43.497214870590696,43.603751687297141,http://geodetika.ru/site/bazovye-stantsii
TMRK,45.277467252272849,37.374503640421921,http://geodetika.ru/site/bazovye-stantsii
GLKV,45.319143527610109,40.463035134561984,http://geodetika.ru/site/bazovye-stantsii
YLBN,45.220718621697422,39.6960521023354,http://geodetika.ru/site/bazovye-stantsii
KRDR,45.217719604375155,39.228446511515038,http://geodetika.ru/site/bazovye-stantsii
NTIT,45.244334321391001,38.973701028116608,http://geodetika.ru/site/bazovye-stantsii
BLZR,45.068465056922655,38.725821999796246,http://geodetika.ru/site/bazovye-stantsii
KRD3,45.041696771542036,38.805472878702489,http://geodetika.ru/site/bazovye-stantsii
,45.04078399407355,39.01189568448855,http://geodetika.ru/site/bazovye-stantsii
GELZ,44.557526389734385,38.082778481729527,http://geodetika.ru/site/bazovye-stantsii
NVRS,44.787930247322706,37.703578500040038,http://geodetika.ru/site/bazovye-stantsii
NEFT,44.74855386186902,44.990260628946046,http://geodetika.ru/site/bazovye-stantsii
MSKV,55.690106,37.560386,http://geodetika.ru/site/bazovye-stantsii
DUBN,56.74031120272948,37.169561414010332,http://geodetika.ru/site/bazovye-stantsii
NECR,57.67751,40.366705,http://geodetika.ru/site/bazovye-stantsii
SLAV,45.218427180003125,38.114737207031183,http://geodetika.ru/site/bazovye-stantsii
,44.877709880446844,39.195173913573598,http://geodetika.ru/site/bazovye-stantsii
TRNZ,43.393303011206697,42.912672692869798,http://geodetika.ru/site/bazovye-stantsii
SIGV,56.429096,53.779217,http://geodetika.ru/site/bazovye-stantsii
TLTI,53.52397476879289,49.447078476866899,http://geodetika.ru/site/bazovye-stantsii
SAKI,45.137600748626134,33.603033791502916,http://geodetika.ru/site/bazovye-stantsii
Только прямой дозвон CSD,52.337509999999554,35.381821572461078,http://geodetika.ru/site/bazovye-stantsii
,45.839279908712591,40.094902693904537,http://geodetika.ru/site/bazovye-stantsii
,46.075858200496278,40.868752181209082,http://geodetika.ru/site/bazovye-stantsii
,46.096402954735289,38.947518050349608,http://geodetika.ru/site/bazovye-stantsii
NVLB,45.109344040570015,39.899208724177605,http://geodetika.ru/site/bazovye-stantsii
,44.987168711709998,41.107018172419245,http://geodetika.ru/site/bazovye-stantsii
,44.389586456424148,40.804894148981703,http://geodetika.ru/site/bazovye-stantsii
,45.924162688854224,38.536736993081753,http://geodetika.ru/site/bazovye-stantsii
,43.633257082051365,40.283391503578862,http://geodetika.ru/site/bazovye-stantsii
TMSV,45.627216960597984,38.938252953774033,http://geodetika.ru/site/bazovye-stantsii
,45.03392053954871,35.376622704750297,http://geodetika.ru/site/bazovye-stantsii
,43.840981129002309,46.703527001624501,http://geodetika.ru/site/bazovye-stantsii
,42.420869462606561,47.325627831702398,http://geodetika.ru/site/bazovye-stantsii
,42.061679369180659,48.286931542639806,http://geodetika.ru/site/bazovye-stantsii
GLKV,45.31395962204302,40.459920452671895,https://hive.geosystems.aero/
GU48,54.31742274878326,59.382154668525494,https://hive.geosystems.aero/
VLKL,56.02540741439446,35.9377748166928,https://hive.geosystems.aero/
ATGI,43.1132278165789,45.747008876992155,https://hive.geosystems.aero/
OREN,51.759710705555555,55.0996365675,https://hive.geosystems.aero/
URAL,55.17841347787639,61.39693022548972,https://hive.geosystems.aero/
VLVO,43.34531651099302,132.14200161370962,https://hive.geosystems.aero/
UGTM,55.69114831450106,37.56023604432074,https://hive.geosystems.aero/
NVS-41,55.742548354838625,37.52266827655752,https://hive.geosystems.aero/
VLKZ,43.065095363953176,44.674701774852124,https://hive.geosystems.aero/
DUBN,56.73973858323549,37.16855316649576,https://hive.geosystems.aero/
KVRV,56.3747238836778,41.31243528609428,https://hive.geosystems.aero/
MAYS,43.570107282,44.06154253,https://hive.geosystems.aero/
NTGU,57.92936511798138,59.94863330618791,https://hive.geosystems.aero/
ALAT,54.84120158914383,46.58734555776531,https://hive.geosystems.aero/
YEKA,56.83429964701252,60.59960687316052,https://hive.geosystems.aero/
NEKR,57.68417008332635,40.35964366883538,https://hive.geosystems.aero/
BATR,55.06685373020328,47.60474330263687,https://hive.geosystems.aero/
T9232,53.33930366000757,58.50505467856958,https://hive.geosystems.aero/
TVRA,56.85222630218242,35.931432047527956,https://hive.geosystems.aero/
CHEB2,56.13056698965685,47.285712992953336,https://hive.geosystems.aero/
KNGS,59.37627107051434,28.62595303033883,https://hive.geosystems.aero/
KNDR,45.444294208431444,34.980403436686224,https://hive.geosystems.aero/
KANA,55.50741536267359,47.49029535707623,https://hive.geosystems.aero/
KRVS,59.881289265979824,30.98740012380789,https://hive.geosystems.aero/
VRNZ,51.647468246849634,39.159127060842465,https://hive.geosystems.aero/
KOZL,55.84565245863223,48.26100263470943,https://hive.geosystems.aero/
TB16,59.53491921344285,30.87751842001062,https://hive.geosystems.aero/
SHUM,55.50043712285454,46.41847747043621,https://hive.geosystems.aero/
YADR,55.947572446469216,46.19917101414691,https://hive.geosystems.aero/
GUB2,64.59299734885765,76.70815163795395,https://hive.geosystems.aero/
GUB3,64.59429973738386,76.70203799060826,https://hive.geosystems.aero/
ZSSM,66.07289160295356,76.59504131176172,https://hive.geosystems.aero/
ITMO,59.94379137035006,30.29537528807003,https://hive.geosystems.aero/
SURE,50.01525935019624,36.23018557450826,https://hive.geosystems.aero/
INGG,57.13616582100007,65.56014894300006,https://hive.geosystems.aero/
TUKL,55.87239733915653,72.19175922691238,https://hive.geosystems.aero/
SHRB,54.62884405000005,72.39421303888909,https://hive.geosystems.aero/
ZDOL,55.86186597769123,48.55507195747484,https://hive.geosystems.aero/
ARTM,43.374445963401264,132.23006813344392,https://hive.geosystems.aero/
GTCN,59.57862627179467,30.138731209318642,https://hive.geosystems.aero/
UGTSRV,59.59988199578175,60.535548029599035,https://hive.geosystems.aero/
LDPL,60.73230131378021,33.55003921864305,https://hive.geosystems.aero/
UGTCHAP,52.95586213459795,49.690542926793015,https://hive.geosystems.aero/
PRVM,60.358084699652515,29.737770969617422,https://hive.geosystems.aero/
NVLB,45.15144125262959,39.91226115219785,https://hive.geosystems.aero/
NVS-51,55.69887200308313,37.56706999456105,https://hive.geosystems.aero/
BELG,50.63236794199384,36.580615166439884,https://hive.geosystems.aero/
ZELE,43.85998472245131,41.58438358591268,https://hive.geosystems.aero/
TARA,64.92288333879378,77.77800483364493,https://hive.geosystems.aero/
SAKI,45.131658319500545,33.60123593613589,https://hive.geosystems.aero/
KINE,53.21771958353002,50.64966218136982,https://hive.geosystems.aero/
UGTKMNSK,56.39659565449619,61.93722080780079,https://hive.geosystems.aero/
ALUS,44.6758410222223,34.39327634668712,https://hive.geosystems.aero/
LUKH,54.94548708899094,39.02989099118309,https://hive.geosystems.aero/
USUR,43.78918072763587,131.95407103352966,https://hive.geosystems.aero/
INCU,54.99352136043031,73.3738088693209,https://hive.geosystems.aero/
SIML,44.976928060983475,34.11473089976218,https://hive.geosystems.aero/
GROZ,43.31923970673398,45.68127435251806,https://hive.geosystems.aero/
MINPROM,55.006091097222225,73.34330311666666,https://hive.geosystems.aero/
STKR,45.02964244323154,35.097799713155204,https://hive.geosystems.aero/
GB10,64.59396774641237,76.73372408004178,https://hive.geosystems.aero/
GUB1,64.59248187414347,76.71272532499617,https://hive.geosystems.aero/
KALC,55.05267198616879,74.58007890307972,https://hive.geosystems.aero/
GNPL,55.72636240610011,37.39891859356345,https://hive.geosystems.aero/
KMSH,52.8266424371661,158.13117275048793,https://hive.geosystems.aero/
TUN0,35.666496999,139.792372076,https://hive.geosystems.aero/
FRNV,56.12832426694882,38.442175540829034,https://hive.geosystems.aero/
MZSK,55.915553297180914,37.764993575647345,https://hive.geosystems.aero/
ELCT,55.793170586497155,38.44365601037949,https://hive.geosystems.aero/
PODO,55.379355222357816,37.5193898392129,https://hive.geosystems.aero/
SOLN,56.17986323105222,36.983540485748144,https://hive.geosystems.aero/
KOSH,43.24997791246406,46.3651932251111,https://hive.geosystems.aero/
NADT,43.619744976139245,45.33425797217398,https://hive.geosystems.aero/
ZWE20,55.69955431856987,36.75797074677545,https://hive.geosystems.aero/
KERC,45.366649119383844,36.50866727506853,https://hive.geosystems.aero/
VEST,45.28079289184654,37.370217218594355,https://hive.geosystems.aero/
UGTPSK,57.81138036315734,28.357060545217873,https://hive.geosystems.aero/
KRGN,55.391605325219544,65.395438197419,https://hive.geosystems.aero/
CHRK,43.315423730485875,45.039624050059665,https://hive.geosystems.aero/
IZHE,56.862379183592424,53.18423016705415,https://hive.geosystems.aero/
VZMA,55.205427926243274,34.301752643476235,https://hive.geosystems.aero/
CHEL2,55.165524881297884,61.40145154830405,https://hive.geosystems.aero/
LANA,57.361926010945005,61.413697465996464,https://hive.geosystems.aero/
INGU,43.314623525291154,45.04434020528049,https://hive.geosystems.aero/
IGLI,54.824378361087994,56.375620078019466,https://hive.geosystems.aero/
KZNZ,55.78311590290596,49.17602111899352,https://hive.geosystems.aero/
OART,55.039962439799304,73.26110626944538,https://hive.geosystems.aero/
ALTK,54.986624424132785,73.22492213151928,https://hive.geosystems.aero/
ODIN,55.683390816692786,37.267244283494634,https://hive.geosystems.aero/
OMSK,54.988635544868096,73.37940355009266,https://hive.geosystems.aero/
GT960,54.487304825,53.488046830555554,https://hive.geosystems.aero/
OMTZ,55.031767530555555,73.29208470277777,https://hive.geosystems.aero/
GEOC,53.242573307360345,34.34126884450453,https://hive.geosystems.aero/
NOGN,55.84600858071475,38.41257892721016,https://hive.geosystems.aero/
NIVN,56.17986323105222,36.983540485748144,https://hive.geosystems.aero/
ZVEN,55.72433479738005,36.87264514453693,https://hive.geosystems.aero/
TVER,56.840191727813156,35.92347117261544,https://hive.geosystems.aero/
UGTS,53.21489979254088,50.225593043528484,https://hive.geosystems.aero/
NRIL,69.36183314003614,88.35978657392236,https://hive.geosystems.aero/
NZHV2,60.9346194085025,76.58047119704409,https://hive.geosystems.aero/
AYKI,62.224023721813005,49.99385754216716,https://hive.geosystems.aero/
ARTI,56.429822154854286,58.5604611050573,https://hive.geosystems.aero/
EMVA,62.59783928585552,50.888776198175265,https://hive.geosystems.aero/
IRKU,52.219023601944734,104.31624431381663,https://hive.geosystems.aero/
INTA,66.03790416635867,60.114483653029055,https://hive.geosystems.aero/
PPKM,53.023299299583655,158.65013357607606,https://hive.geosystems.aero/
OBYA,60.33335498310709,49.61825186994992,https://hive.geosystems.aero/
YAKS,62.03095882608214,129.68030699483498,https://hive.geosystems.aero/
PECH,65.11396265814363,57.160382857798375,https://hive.geosystems.aero/
VERS,58.07580865523361,54.6638095389829,https://hive.geosystems.aero/
SIKT,61.66703074408463,50.83344241150162,https://hive.geosystems.aero/
UGTNGRSK,58.12807940233779,93.51880619126514,https://hive.geosystems.aero/
STOR,61.9409868029498,52.30792819991747,https://hive.geosystems.aero/
EAOZ,55.83993819169892,48.81245373912996,https://hive.geosystems.aero/
TIXI,71.63447246475016,128.86642553868828,https://hive.geosystems.aero/
TRPE,62.712190105289636,56.19794059769696,https://hive.geosystems.aero/
MOBK,55.11488335900397,36.56971736367511,https://hive.geosystems.aero/
KUNA,56.295532972721965,30.98133287530858,https://hive.geosystems.aero/
UHTA,63.560643824916,53.70411010807289,https://hive.geosystems.aero/
TYMV,57.11742635330636,65.61776483886156,https://hive.geosystems.aero/
USIN,65.98665673374369,57.55664633371492,https://hive.geosystems.aero/
BALK,55.02951561944291,73.28363284468809,https://hive.geosystems.aero/
IVAN,55.973620188061744,37.91610908914494,https://hive.geosystems.aero/
PRIN,55.80957664538485,37.49859443686471,https://hive.geosystems.aero/
ZHUK,55.59479283819004,38.11748413828798,https://hive.geosystems.aero/
KRON,59.9889912762431,29.792161045187918,https://hive.geosystems.aero/
PETR,59.892593877998834,29.876346891576127,https://hive.geosystems.aero/
PUSHK,59.707549048156565,30.439037857589653,https://hive.geosystems.aero/
KOLP,59.762273861689195,30.609115744195282,https://hive.geosystems.aero/
KNS,59.916124019519145,30.415612141905854,https://hive.geosystems.aero/
MANCH,60.01061919332499,30.327100243701768,https://hive.geosystems.aero/
KASH,57.355091834052004,37.60835054632676,https://hive.geosystems.aero/
PRMU,58.0079423894425,56.1894738663783,https://hive.geosystems.aero/
ZOKS,54.734903169905024,37.39750114891673,https://hive.geosystems.aero/
USOG,63.42574734977023,48.70104645994661,https://hive.geosystems.aero/
ZARC,56.796089950980765,61.31922175735648,https://hive.geosystems.aero/
VALD,57.97591891924902,33.25338365740473,https://hive.geosystems.aero/
VIZI,61.07601630841013,50.082925226026205,https://hive.geosystems.aero/
ET2K,56.821059745605424,60.61291347384608,https://hive.geosystems.aero/
T9238,63.19653839773581,75.46349683673395,https://hive.geosystems.aero/
VORK,67.50303760260543,64.06072176333225,https://hive.geosystems.aero/
NGTN,56.32454531815427,44.02370462007486,https://hive.geosystems.aero/
BUST,55.949143781125514,58.26866800565484,https://hive.geosystems.aero/
VUKT,63.84422253062431,57.30156126416326,https://hive.geosystems.aero/
SURG2,61.243360948695646,73.4376452373957,https://hive.geosystems.aero/
MESH,54.32247878071214,35.2762645295942,https://hive.geosystems.aero/
PTRO,61.77428118043152,34.41411492036362,https://hive.geosystems.aero/
KIRV,54.076324751788256,34.30299919495156,https://hive.geosystems.aero/
KURK,51.6985126390067,36.16316105561301,https://hive.geosystems.aero/
SBAI,55.63516126944498,109.33514183339692,https://hive.geosystems.aero/
NZHV,60.94877459967394,76.50943246614924,https://hive.geosystems.aero/
CHRM,45.50472387247026,32.702220473092616,https://hive.geosystems.aero/
SPOS,56.31916821731488,38.133703672029235,https://hive.geosystems.aero/
SVST,44.55695350311265,33.52223896873368,https://hive.geosystems.aero/
PVLS,55.82110851952133,37.08927303675238,https://hive.geosystems.aero/
SESTR,60.083070035367356,29.979261301779932,https://hive.geosystems.aero/
UZOS,59.81752701407355,30.125984930489278,https://hive.geosystems.aero/
PRM1,57.9712087197531,56.17593122430196,https://hive.geosystems.aero/
SURG,61.23822159829058,73.435243718208,https://hive.geosystems.aero/
IRKC,52.21898016589843,104.3162130374278,https://hive.geosystems.aero/
BRON,55.42016942458052,38.2537275259398,https://hive.geosystems.aero/
UGTUFA,54.74728841674853,56.02286994496871,https://hive.geosystems.aero/
GT980,54.47748389712849,53.48405134966517,https://hive.geosystems.aero/
CHEH,55.14598895524338,37.469939355483575,https://hive.geosystems.aero/
DMIT,56.327277581219015,37.53956108023255,https://hive.geosystems.aero/
RAMN,55.57159525005297,38.21293723837081,https://hive.geosystems.aero/
KLIN,56.340281955984416,36.75831677813062,https://hive.geosystems.aero/
KRDR,45.22300140320656,39.21324009706235,https://hive.geosystems.aero/
MNRV,44.202187413390035,43.13567768141209,https://hive.geosystems.aero/
NVRS,44.78676099847551,37.704515990965675,https://hive.geosystems.aero/
TMRK,45.28074582255778,37.36999081628552,https://hive.geosystems.aero/
PRKP,53.8535077052803,86.78435858076034,https://hive.geosystems.aero/
SAMR,53.228686019326844,50.23359056372481,https://hive.geosystems.aero/
CHEB,56.08266572792744,47.291579961261945,https://hive.geosystems.aero/
SURA,53.19432529717389,45.004931802131644,https://hive.geosystems.aero/
ULIA,54.25197401161832,48.31126011993179,https://hive.geosystems.aero/
KLGA,54.510087517259585,36.26067641745579,https://hive.geosystems.aero/
AKSA,66.55939145672279,67.80620729911958,https://hive.geosystems.aero/
GUBK,64.43588361980514,76.48116767527341,https://hive.geosystems.aero/
HANM,63.72563534518751,75.95907369896852,https://hive.geosystems.aero/
SRGT,61.24633022475564,73.41391248355279,https://hive.geosystems.aero/
GU01,59.73008663408015,30.38834004426082,https://hive.geosystems.aero/
GU02,60.16041514462693,30.529249131015863,https://hive.geosystems.aero/
GU03,59.891012544381326,29.786418613280205,https://hive.geosystems.aero/
GU04,59.880855465188816,30.998580570979886,https://hive.geosystems.aero/
GU05,60.25644789696464,29.604896121367485,https://hive.geosystems.aero/
GU06,59.369325683952596,30.084552083497115,https://hive.geosystems.aero/
GU07,60.54691852936688,30.226875456895606,https://hive.geosystems.aero/
GU08,59.89748586785737,29.078217851148125,https://hive.geosystems.aero/
GU09,59.45035108381787,29.48982843424212,https://hive.geosystems.aero/
KRCH,65.90832616124293,78.21821183309171,https://hive.geosystems.aero/
LABI,66.66185010647445,66.38073540745368,https://hive.geosystems.aero/
MURV,63.79496244671395,74.49668138127346,https://hive.geosystems.aero/
NADIM,65.536640105,72.517680521,https://hive.geosystems.aero/
NURG,66.09128707878169,76.68300882648359,https://hive.geosystems.aero/
NOYB,63.19654836874797,75.46350400947804,https://hive.geosystems.aero/
PANG,65.85348656894567,74.48299051158546,https://hive.geosystems.aero/
PRS_14,64.20334660265199,75.38846280059056,https://hive.geosystems.aero/
PURPE,64.5739186051212,77.01714442038664,https://hive.geosystems.aero/
SLHD,66.53463250288978,66.6239150726667,https://hive.geosystems.aero/
VING,62.98197999381571,76.98836893309016,https://hive.geosystems.aero/
TOLI,53.51863640563997,49.429365972428094,https://hive.geosystems.aero/
DIMI,54.21728145040978,49.62933190017574,https://hive.geosystems.aero/
UTCH,54.2821122323338,59.402878082421054,https://hive.geosystems.aero/
SMOL,54.783338804057244,32.05571767221997,https://hive.geosystems.aero/
STUP,54.88494184912844,38.05048020282502,https://hive.geosystems.aero/
ULAN,53.72363151754424,35.53245335054126,https://hive.geosystems.aero/
IZN,54.989230517214324,35.31665739807121,https://hive.geosystems.aero/
UGTEKB,56.81344775563655,60.59337769154814,https://hive.geosystems.aero/
NVS-21,55.74253850082456,37.522664668270146,https://hive.geosystems.aero/
UGTPRV,56.91022275949899,59.94004221870868,https://hive.geosystems.aero/
UGTNTG,57.911031573870346,59.952295157948214,https://hive.geosystems.aero/
10_OCT,53.9418897746508,37.54025238941703,https://hive.geosystems.aero/
ALEK,54.49795423633701,37.06616784709783,https://hive.geosystems.aero/
BGRD,53.768402835966405,38.12910290004966,https://hive.geosystems.aero/
BLHV,54.09059063283734,37.82643463061257,https://hive.geosystems.aero/
CGIZT,54.1898149080105,37.59731291958863,https://hive.geosystems.aero/
GIPT,54.16623484445093,37.576343796285734,https://hive.geosystems.aero/
KIRE,53.93457271635598,37.92790774426661,https://hive.geosystems.aero/
SIMF,44.94174819727521,34.022070036619574,https://hive.geosystems.aero/
BLGR,44.9944510025833,34.45970910531688,https://hive.geosystems.aero/
BILB,68.06531209621123,166.45338371841606,https://hive.geosystems.aero/
YSSK,47.02973383705809,142.71672180627735,https://hive.geosystems.aero/
TULA,54.19030615912994,37.604607801661324,https://hive.geosystems.aero/
SCHL,55.944003147782716,37.963623428640716,https://hive.geosystems.aero/
TMSK,56.475677191686714,84.95044886382402,https://hive.geosystems.aero/
SUDK,44.864644969669044,34.98506749752261,https://hive.geosystems.aero/
EVPT,45.20862480861788,33.391534697145914,https://hive.geosystems.aero/
RAZD,45.76922263335931,33.487705957722206,https://hive.geosystems.aero/
KRPK,45.96541661680991,33.79019522155814,https://hive.geosystems.aero/
DJNK,45.711554705525806,34.39275686067212,https://hive.geosystems.aero/
SOVT,45.34223961459271,34.933923306659,https://hive.geosystems.aero/
LENI,45.29406800544525,35.76973374111226,https://hive.geosystems.aero/
KRCG,45.35372516410709,36.439072708555834,https://hive.geosystems.aero/
FODS,45.12910399197715,35.48555063708999,https://hive.geosystems.aero/
GU10,59.366162441371685,31.254038695127566,https://hive.geosystems.aero/
OKTB,45.296144836404046,34.136844052246,https://hive.geosystems.aero/
GU11,59.449790688981565,32.01063992922448,https://hive.geosystems.aero/
YALT,44.43805755834928,34.083261794102555,https://hive.geosystems.aero/
GU12,59.927443084216286,32.32854298568224,https://hive.geosystems.aero/
UGTSHT,47.73930333303584,40.30008577800999,https://hive.geosystems.aero/
GU13,59.66991584409148,28.290693109534082,https://hive.geosystems.aero/
SARA,51.53248158938705,46.04405796640114,https://hive.geosystems.aero/
GU14,60.71233026420477,28.73683328578152,https://hive.geosystems.aero/
VOLS,52.0509055915919,47.44016365068518,https://hive.geosystems.aero/
GU15,61.03921731154584,30.146860702883664,https://hive.geosystems.aero/
ENOT,47.24375023627231,47.03696026675437,https://hive.geosystems.aero/
GU16,58.736188086415275,29.847143657487972,https://hive.geosystems.aero/
KALA,48.69123052255948,43.504800980438674,https://hive.geosystems.aero/
GU17,59.011898023862436,29.087662197007937,https://hive.geosystems.aero/
KOTE,47.71887040897495,43.36500838326515,https://hive.geosystems.aero/
GU18,59.11676923574552,28.08691661214209,https://hive.geosystems.aero/
LIMA,45.78584372469546,47.224393344476454,https://hive.geosystems.aero/
GU19,60.37831762792435,33.00440191436377,https://hive.geosystems.aero/
OLKH,50.46256338649023,44.96870131870019,https://hive.geosystems.aero/
GU20,59.64512062644038,33.54245900743395,https://hive.geosystems.aero/
ASTR,46.35389248931661,48.03794362549392,https://hive.geosystems.aero/
GU21,59.92866551734489,34.211065836105014,https://hive.geosystems.aero/
VLG2,48.71266040029342,44.50423437159313,https://hive.geosystems.aero/
GU22,60.911630837487145,34.168229062934316,https://hive.geosystems.aero/
NIKL,50.029558497901576,45.46815182459916,https://hive.geosystems.aero/
GU23,59.497535069876875,34.669577357239866,https://hive.geosystems.aero/
ILOV,49.30467220889749,43.97824835844631,https://hive.geosystems.aero/
GU24,61.01276372014072,35.46692445703958,https://hive.geosystems.aero/
KRYA,50.698716364305476,44.73222454731661,https://hive.geosystems.aero/
KOGA,61.36209723749104,63.57453714999428,https://hive.geosystems.aero/
AKHT,48.278358780762915,46.17304244421414,https://hive.geosystems.aero/
MEZH,59.59752571880998,65.895045219338,https://hive.geosystems.aero/
VLZS,48.80341394181572,44.755275616927044,https://hive.geosystems.aero/
SALY,60.07628187917824,71.4626051756439,https://hive.geosystems.aero/
SOVE,61.36209723749104,63.57453714999428,https://hive.geosystems.aero/
MSKB,55.764403003864324,37.55570885525823,https://hive.geosystems.aero/
URAY,60.127978125222086,64.80549282366715,https://hive.geosystems.aero/
NARF,55.384848687952044,36.72518237337812,https://hive.geosystems.aero/
TLTI,53.51910782500923,49.431019991495354,https://hive.geosystems.aero/
SLNB,56.18442408965048,36.98428881135704,https://hive.geosystems.aero/
NEFT,44.74937247132645,44.99569006500625,https://hive.geosystems.aero/
KLMN,55.07446324175663,38.75892397569343,https://hive.geosystems.aero/
NLCH,43.31583115,43.60437695833333,https://hive.geosystems.aero/
PDSK,55.43378756356091,37.549456941770345,https://hive.geosystems.aero/
TRNZ,43.39369025277778,42.92171213611111,https://hive.geosystems.aero/
UGTPLSK,56.44079082543248,60.170803471554336,https://hive.geosystems.aero/
RUDA,59.640489284597024,60.30908428606224,https://hive.geosystems.aero/
ASB1,57.0139646864827,61.45303658335379,https://hive.geosystems.aero/
RIAZ,54.60818663616522,39.85035483199066,https://hive.geosystems.aero/
BGAA,52.390983745093486,50.47333598817372,https://hive.geosystems.aero/
HANA,61.00407910705079,69.00904775598762,https://hive.geosystems.aero/
KURG,55.43136485394795,65.34003655101698,https://hive.geosystems.aero/
GU25,54.729546953361265,55.96227789419482,https://hive.geosystems.aero/
FRSH,53.52121543277997,59.812483811033054,https://hive.geosystems.aero/
GU26,54.686407288858135,55.01460632009967,https://hive.geosystems.aero/
KRGR,55.81605011700958,37.25378976951781,https://hive.geosystems.aero/
GU27,54.409788926433876,56.78966220501485,https://hive.geosystems.aero/
LPCK,52.58153536983471,39.52558059147927,https://hive.geosystems.aero/
GU28,54.01657429886395,55.88496917318826,https://hive.geosystems.aero/
IZHV,56.8764924042391,53.21683877963949,https://hive.geosystems.aero/
GU29,55.19006121174977,56.667842069109135,https://hive.geosystems.aero/
PETU,55.93441322832172,39.45829719084802,https://hive.geosystems.aero/
GU30,54.21276460966569,55.03151790746785,https://hive.geosystems.aero/
KRD3,45.041583397494264,38.80669677746386,https://hive.geosystems.aero/
GU31,55.41309310815304,55.53895803336359,https://hive.geosystems.aero/
KZIL,43.1986022482635,46.867073506497206,https://hive.geosystems.aero/
GU32,55.140058058836516,54.65246114159718,https://hive.geosystems.aero/
NTIT,45.23634700574435,38.97059648812429,https://hive.geosystems.aero/
GU33,53.45407946712767,56.044801095493135,https://hive.geosystems.aero/
VLAD,56.118028216719715,40.37634412801493,https://hive.geosystems.aero/
GU34,53.63174582939803,54.803063147083826,https://hive.geosystems.aero/
HABA,48.51345949805407,135.0655869266645,https://hive.geosystems.aero/
GU35,55.83976212438807,55.41153872231452,https://hive.geosystems.aero/
BLZR,45.071288547111955,38.720393663239186,https://hive.geosystems.aero/
GU36,55.44348597232295,54.31122434620985,https://hive.geosystems.aero/
YLBN,45.20943635577672,39.69233158654496,https://hive.geosystems.aero/
GU37,54.10263820165258,54.10866108476945,https://hive.geosystems.aero/
GELZ,44.55122248347917,38.0660649309119,https://hive.geosystems.aero/
GU38,55.83018184931497,56.91146912192076,https://hive.geosystems.aero/
KZNA,55.835059047666356,49.20001411648263,https://hive.geosystems.aero/
GU39,54.604196902652085,53.687211706596536,https://hive.geosystems.aero/
KRTG,57.13765628327142,65.52912569402187,https://hive.geosystems.aero/
KCKY,54.06106468302614,37.53552125484658,https://hive.geosystems.aero/
GU40,55.176933672476196,53.80443725148962,https://hive.geosystems.aero/
USGE,56.8200307803485,60.66874223272759,https://hive.geosystems.aero/
LNSK1,54.28993862249946,37.45676457823141,https://hive.geosystems.aero/
GU41,56.08437231428672,56.57786722782388,https://hive.geosystems.aero/
BIRZ,59.943772799122456,30.295363578137284,https://hive.geosystems.aero/
GU42,55.534022547101536,58.243396002313915,https://hive.geosystems.aero/
KRNV,59.95712217220299,30.307994239921133,https://hive.geosystems.aero/
PLVS,53.70563948918259,37.28888744692713,https://hive.geosystems.aero/
GU43,53.17948713991148,55.1878784087495,https://hive.geosystems.aero/
CHAI,59.94627331814453,30.345541613835405,https://hive.geosystems.aero/
VSKR,54.10359296094467,37.114008049611,https://hive.geosystems.aero/
GU44,53.974061016019846,58.41367145398551,https://hive.geosystems.aero/
TURI,58.058807774787944,63.68807449230391,https://hive.geosystems.aero/
CHEL,55.241993416965,61.40190698269764,https://hive.geosystems.aero/
GU45,56.26526866532289,54.92987740044349,https://hive.geosystems.aero/
UGBH,58.83751863601003,57.54496278700966,https://hive.geosystems.aero/
MAGN,53.394622966007596,58.984624403472274,https://hive.geosystems.aero/
GU46,56.091098160288965,54.25851191139113,https://hive.geosystems.aero/
VLVS,43.298495776934885,132.10451149324712,https://hive.geosystems.aero/
UGTTMN,57.154470412676964,65.52944506697189,https://hive.geosystems.aero/
GU47,52.75876422297587,55.80085301458529,https://hive.geosystems.aero/
EKMI,56.84321944405653,60.61592499940929,https://hive.geosystems.aero/
NVS-31,55.89260017884023,37.52043008080807,https://hive.geosystems.aero/
